"","tweets.text","anger","anticipation","disgust","fear","joy","sadness","surprise","trust","score"
"1","This weeks comes from our Torontobased Design Supervisor whos GoT a real passion fo ",0,1,0,0,1,0,0,2,0.75
"2"," Game of Thrones  The Musical feat Jon SnowRamsay Snow Tyrion Lannis via ",1,2,0,0,2,1,2,1,1.1
"3","RT Tormund with short term memory  ",0,0,0,0,0,0,0,0,0
"4","RT This episode was so bad  ",1,0,1,1,0,1,0,0,-0.75
"5","RT Look What You Made Me Do is literally Arya Starks kill list King of My Heart was influenced by Khal Drogo and Daenerys ",0,0,0,1,0,1,0,0,-0.65
"6","RT Ive watched the ending of episode  of GOT a good  times and it never gets old This might be the greatest TV Series",0,1,0,0,1,0,1,2,1.25
"7","LOOK WHAT I HAVE ",0,0,0,0,0,0,0,0,0
"8","RT RT if you think Im gonna go MadQueen this weekend ",0,0,0,0,0,0,0,0,0
"9","RT My latest for on how really messed up its female characters in the latest episode I hope the n",0,1,0,0,1,0,1,1,0.4
"10","After last weeks coffee cup drama what anachronism would you like to see in episode  ",0,0,0,0,0,0,0,0,0.25
"11","RT Great Show Tonight Emma Thompson is here and we get to the bottom of the Starbucks cup with Plu",0,0,0,0,0,1,0,1,0.5
"12","RT RT if you think Im gonna go MadQueen this weekend ",0,0,0,0,0,0,0,0,0
"13","RT If you are feeling sorry for the people of Kings Landing just remember they rooted for Eddard Starks execution ",2,1,1,2,1,2,1,3,-1.25
"14","RT Come along to our very special Game Of Thrones Charity Pub Quiz at our Stables Pub on Wednesday th  June  at pm",0,0,0,0,2,0,0,0,1.35
"15","RT This episode was so bad  ",1,0,1,1,0,1,0,0,-0.75
"16","RT If you are feeling sorry for the people of Kings Landing just remember they rooted for Eddard Starks execution ",2,1,1,2,1,2,1,3,-1.25
"17","Between Stucky and Braime things are tough rn ",0,0,0,0,0,1,0,0,0.25
"18","RT best behindthescenes photos taken by the cast",0,0,0,0,0,0,0,0,0.5
"19","RT Guys Imagine after all is said and done next week ends with young Bran waking up from his Season  coma an",0,1,1,1,1,1,1,0,-0.6
"20","The most hated men in the world right now ",0,0,0,0,0,0,0,0,0.3
"21","RT When Euron tells you hes going to be a dad ",0,0,0,0,0,0,0,0,0
"22","They also lack imagination which Id be remiss to lament upon considering how much time I spent in Mr Rogers nei ",1,1,2,1,0,2,0,0,-2.55
"23","RT When Euron tells you hes going to be a dad ",0,0,0,0,0,0,0,0,0
"24","RT RT if you think Im gonna go MadQueen this weekend ",0,0,0,0,0,0,0,0,0
"25","RT Hes still alive  ",0,1,0,0,1,0,0,1,0.5
"26","RT  Hulu accounts available paid for and everything dm me ",0,0,0,0,0,0,0,1,0.8
"27","Its Friday were  days away from the episode of which is traditionally the best epi ",0,0,0,0,0,0,0,0,0.5
"28","RT Been thinking about in wake of upcoming finale of how book franchises with really deepdiving hardcore",0,0,0,0,0,0,0,0,0.4
"29","RT If you have any last words now is the time",1,1,0,0,0,0,0,0,0
"30","RT If you have any last words now is the time",1,1,0,0,0,0,0,0,0
"31","RT This episode was so bad  ",1,0,1,1,0,1,0,0,-0.75
"32","RT RT if you think Im gonna go MadQueen this weekend ",0,0,0,0,0,0,0,0,0
"33","RT The Last of the Starks is second lowest rated episode of everNo matter the scores of the final two",0,0,0,0,0,1,0,0,-0.5
"34","RT If you are feeling sorry for the people of Kings Landing just remember they rooted for Eddard Starks execution ",2,1,1,2,1,2,1,3,-1.25
"35","RT When I heard Daenerys says Dacarys tonight ",0,0,0,0,0,0,0,0,0
"36","RT RT if you think Im gonna go MadQueen this weekend ",0,0,0,0,0,0,0,0,0
"37","I think this is brilliant ",0,1,0,0,1,0,0,1,1
"38","RT Exclusive interview with the from ",0,0,0,0,0,0,0,0,0
"39","RT Daenerys to Jon Dont tell anyone youre a Targaryen Jon to Arya amp Sansa Dont tell anyone Im a Tar",0,0,0,0,0,0,0,0,0
"40","RT When Euron tells you hes going to be a dad ",0,0,0,0,0,0,0,0,0
"41","RT Exclusive new footage leaks from SE of ",0,0,0,0,0,0,0,0,0.3
"42","RT One of my favourite things about is how new villains evolve over years ",0,0,0,0,0,0,0,0,-0.2
"43","RT Guys Imagine after all is said and done next week ends with young Bran waking up from his Season  coma an",0,1,1,1,1,1,1,0,-0.6
"44","Just realized Dario is Steve from ",0,0,0,0,0,0,0,0,0
"45","Cont wait ",0,1,0,0,0,0,0,0,-0.25
"46","RT If you are feeling sorry for the people of Kings Landing just remember they rooted for Eddard Starks execution ",2,1,1,2,1,2,1,3,-1.25
"47","CAN WE TALK instagram feed ",0,0,0,0,0,0,0,0,0.4
"48","LOL the actors dont care anymore This is what Euron is saying about DampDs shit vision ",1,1,1,0,0,0,0,0,0.75
"49","RT If you have any last words now is the time",1,1,0,0,0,0,0,0,0
"50","Am I the only one that thinks there are actually  episodes of this season and the twist is they arent telling us ",0,0,0,0,0,0,0,0,0
"51","RT RT if you think Im gonna go MadQueen this weekend ",0,0,0,0,0,0,0,0,0
"52","RT Grey Worm is that you cc ",0,1,0,0,0,0,1,0,-0.25
"53","RT Tormund with short term memory  ",0,0,0,0,0,0,0,0,0
"54","RT RT if you think Im gonna go MadQueen this weekend ",0,0,0,0,0,0,0,0,0
"55","RT If you are feeling sorry for the people of Kings Landing just remember they rooted for Eddard Starks execution ",2,1,1,2,1,2,1,3,-1.25
"56","Here is a full podcast breakdown of the Game of Thrones Season  premiere Winterfell ",0,0,0,0,0,0,0,0,-0.15
"57","The whole Daenerys goes mad still doesnt make sense when Cersei already is the mad queen Jaime killed Danys da ",1,0,1,1,0,1,0,0,-1.25
"58","RT When Euron tells you hes going to be a dad ",0,0,0,0,0,0,0,0,0
"59","RT RT if you think Im gonna go MadQueen this weekend ",0,0,0,0,0,0,0,0,0
"60","RT The Advisor from Naath  La Consejera de NaathHere I leave a pencil portrait I did some time ago in order to re",0,1,0,0,0,1,1,0,-0.25
"61","RT If you are feeling sorry for the people of Kings Landing just remember they rooted for Eddard Starks execution ",2,1,1,2,1,2,1,3,-1.25
"62","RT If you are feeling sorry for the people of Kings Landing just remember they rooted for Eddard Starks execution ",2,1,1,2,1,2,1,3,-1.25
"63","RT If you are feeling sorry for the people of Kings Landing just remember they rooted for Eddard Starks execution ",2,1,1,2,1,2,1,3,-1.25
"64","RT best scene ever ",0,0,0,0,0,0,0,0,0.5
"65","RT If you are feeling sorry for the people of Kings Landing just remember they rooted for Eddard Starks execution ",2,1,1,2,1,2,1,3,-1.25
"66","Palavra de Three Eyed Raven ",0,0,0,0,0,0,0,0,0
"67","RT best behindthescenes photos taken by the cast",0,0,0,0,0,0,0,0,0.5
"68","Spectacle instead of story What has become in the later seasons is a succession of spectacle coveri ",0,0,0,0,0,0,0,0,0.4
"69","Trying not to think about episode  in two days   Houston Heights Texas ",0,0,0,0,0,0,0,0,0
"70","RT Lets just all agree we saw this last Sunday My heart needs it ",0,0,0,0,0,0,0,0,0.5
"71","RT Regarding coffee cup on Dont throw any Art Directors under the bus It aint them x",0,1,0,0,1,1,1,0,0.6
"72","RT If you are feeling sorry for the people of Kings Landing just remember they rooted for Eddard Starks execution ",2,1,1,2,1,2,1,3,-1.25
"73","RT If you are feeling sorry for the people of Kings Landing just remember they rooted for Eddard Starks execution ",2,1,1,2,1,2,1,3,-1.25
"74","RT Now we will win the Last WarThe final season of airs Sundays on ",0,0,1,0,0,0,0,0,0.5
"75","RT When Euron tells you hes going to be a dad ",0,0,0,0,0,0,0,0,0
"76","RT Damn  ",1,0,1,0,0,0,0,0,-0.75
"77","RT When Euron tells you hes going to be a dad ",0,0,0,0,0,0,0,0,0
"78","RT If you are feeling sorry for the people of Kings Landing just remember they rooted for Eddard Starks execution ",2,1,1,2,1,2,1,3,-1.25
"79","Happy now ",0,1,0,0,1,0,0,1,0.75
"80","One John killed for his dog and the other Jon left his dog without petting No wonder he knows nothing ",0,0,1,0,0,0,0,0,-0.5
"81","RT Creators Plan to Be Very Drunk and Far From the Internet When Series Finale Airs ht",0,1,1,0,0,0,0,1,-0.5
"82","RT Hand sanitizers                  germs ",0,0,0,0,0,0,0,0,0
"83","RT Jon whats wrong Dany nothing Jon okayDANY I JUST THINK ITS SO FUNNY HOW ALL THE SUDDEN YOU ARE THE RIGHTFUL H",0,0,0,0,0,0,1,0,0.8
"84","RT RT amp follow for a chance to WIN a Daenerys Targaryen on Iron Throne Pop ",0,0,0,0,0,0,2,2,1.35
"85","RT This episode was so bad  ",1,0,1,1,0,1,0,0,-0.75
"86","RT Kings Landing in  vs Kings Landing in   Climate Change is real ",0,0,0,1,0,0,0,1,0.25
"87","Funko Pop Game of Thrones Arya Stark ECCC  Exclusive Protector ",0,0,0,0,0,0,1,2,0.3
"88","RT Kit Harington when asked to describe the S finale in one word ",0,0,0,0,0,0,0,1,0
"89","RT RT if you think Im gonna go MadQueen this weekend ",0,0,0,0,0,0,0,0,0
"90","RT Lets just all agree we saw this last Sunday My heart needs it ",0,0,0,0,0,0,0,0,0.5
"91","Liam Cunninghams interview was one of the best in its duration of the show So I made a funny meme ",0,0,0,0,0,0,0,1,1.3
"92","RT When Euron tells you hes going to be a dad ",0,0,0,0,0,0,0,0,0
"93","RT Damn  ",1,0,1,0,0,0,0,0,-0.75
"94","RT A chance to say goodbye ",0,0,0,0,0,0,1,0,0.25
"95","RT Guys Imagine after all is said and done next week ends with young Bran waking up from his Season  coma an",0,1,1,1,1,1,1,0,-0.6
"96","RT If you have any last words now is the time",1,1,0,0,0,0,0,0,0
"97","RT Two types of men after sex  ",0,1,0,0,1,0,0,1,0.1
"98","RT Rape is not a tool to make a character stronger A woman doesnt need to be victimized in order to become a butterfly Th",2,0,2,2,0,2,1,0,-1.25
"99","Every painting is a selfportrait and the writers are telling us a lot about themselves From rank misogyny and ra ",0,0,0,0,0,0,0,0,0
"100","RT When Euron tells you hes going to be a dad ",0,0,0,0,0,0,0,0,0
"101","RT WINTER IS HEREOn this weeks episode were talkingetiquette Reviewing Episode ",0,0,0,0,0,0,0,0,0
"102","UNPREPARED AND SHOCKED SHES THE ONE UNDRESSING HERSELF AND JAIME IF SHE DIDNT WANT TO DO ANYTHING SHE WOULD K ",0,0,0,0,0,0,0,0,-1.25
"103","RT best behindthescenes photos taken by the cast",0,0,0,0,0,0,0,0,0.5
"104","Did you spot that coffee cup lurking in the background of ",0,0,0,0,0,0,0,0,-1
"105","RT GAME OF THRONES  the rules of beards  Bearded characters GAME OF THRONES ",0,0,0,0,0,0,0,0,0
"106","RT The Last of the Starks is second lowest rated episode of everNo matter the scores of the final two",0,0,0,0,0,1,0,0,-0.5
"107","Game of Thrones SE A Knight of the Seven Kingdom asks How would you spend your last night on earth Here is o ",0,0,0,0,0,0,0,0,0.6
"108","RT If you have any last words now is the time",1,1,0,0,0,0,0,0,0
"109","RT This episode was so bad  ",1,0,1,1,0,1,0,0,-0.75
"110","RT When Euron tells you hes going to be a dad ",0,0,0,0,0,0,0,0,0
"111","RT RT amp follow for a chance to WIN a Daenerys Targaryen on Iron Throne Pop ",0,0,0,0,0,0,2,2,1.35
"112","RT When Euron tells you hes going to be a dad ",0,0,0,0,0,0,0,0,0
"113","RT RT if you think Im gonna go MadQueen this weekend ",0,0,0,0,0,0,0,0,0
"114","RT Creators Plan to Be Very Drunk and Far From the Internet When Series Finale Airs ht",0,1,1,0,0,0,0,1,-0.5
"115"," The Hound being The Hound ",0,0,0,0,0,0,0,0,0
"116","RT RT if you think Im gonna go MadQueen this weekend ",0,0,0,0,0,0,0,0,0
"117","RT RT amp follow for a chance to WIN a Daenerys Targaryen on Iron Throne Pop ",0,0,0,0,0,0,2,2,1.35
"118","RT One of my favorite things about is that how villains change over the years  ",0,0,0,1,1,0,0,1,-0.25
"119","gameofthrones emiliaclarke ",0,0,0,0,0,0,0,0,0
"120","RT RT if you think Im gonna go MadQueen this weekend ",0,0,0,0,0,0,0,0,0
"121","RT Avengers Endgame  FULL MOVIE HQ To Watch After the devastating events of Avengers Inf",1,1,1,2,0,1,0,1,-0.75
"122","RT If you are feeling sorry for the people of Kings Landing just remember they rooted for Eddard Starks execution ",2,1,1,2,1,2,1,3,-1.25
"123","RT If you are feeling sorry for the people of Kings Landing just remember they rooted for Eddard Starks execution ",2,1,1,2,1,2,1,3,-1.25
"124","GIVEAWAYFree Wig for Mother of Dragons ",0,1,0,0,1,1,0,1,0
"125","RT Infosec should be nonpartisan about hacktivisim Claims of anonymous Russian hackers evolved wamp ",0,0,0,0,0,0,0,0,0
"126","RT SE spoilers without context  ",0,0,0,0,0,0,0,0,0
"127","RT RT if you think Im gonna go MadQueen this weekend ",0,0,0,0,0,0,0,0,0
"128","RT RT amp follow for a chance to WIN a Night King on Iron Throne Pop ",0,0,0,0,0,0,2,2,1.45
"129","RT If you are feeling sorry for the people of Kings Landing just remember they rooted for Eddard Starks execution ",2,1,1,2,1,2,1,3,-1.25
"130","RT If you are feeling sorry for the people of Kings Landing just remember they rooted for Eddard Starks execution ",2,1,1,2,1,2,1,3,-1.25
"131","Gorgeous dog Beautiful eyes",0,0,0,0,2,0,0,0,1.25
"132","RT RT if you think Im gonna go MadQueen this weekend ",0,0,0,0,0,0,0,0,0
"133","RT RT amp follow for a chance to WIN a Night King on Iron Throne Pop ",0,0,0,0,0,0,2,2,1.45
"134","RT When Euron tells you hes going to be a dad ",0,0,0,0,0,0,0,0,0
"135","RT Give us this spinoff  ",0,0,0,0,0,0,0,0,0
"136","RT Only two episodes leftThe final season of airs Sundays on ",0,0,1,0,0,0,0,0,0
"137","RT What did Euron just see The penultimate episode of is nearly here ",0,0,0,0,0,0,0,0,0
"138","RT If you have any last words now is the time",1,1,0,0,0,0,0,0,0
"139","RT Give us this spinoff  ",0,0,0,0,0,0,0,0,0
"140","RT When Euron tells you hes going to be a dad ",0,0,0,0,0,0,0,0,0
"141","RT Behind the scenes of S E Credit ",0,0,0,0,0,0,0,1,0.4
"142","RT Yall need to stop  ",0,0,0,0,0,0,0,0,-0.4
"143","RT For seven and a half seasons has told viewers Daenerys Targaryen is a ruler capable of compromise a monarch",0,0,0,0,0,0,0,0,0.5
"144","RT When Euron tells you hes going to be a dad ",0,0,0,0,0,0,0,0,0
"145","RT best scene ever ",0,0,0,0,0,0,0,0,0.5
"146","RT Rape is not a tool to make a character stronger A woman doesnt need to be victimized in order to become a butterfly Th",2,0,2,2,0,2,1,0,-1.25
"147","Watched several episodes of while getting my hair done Surprised myself by kinda getting into it ",0,0,0,0,0,0,1,0,0
"148","RT When Euron tells you hes going to be a dad ",0,0,0,0,0,0,0,0,0
"149","RT GAME OF THRONES  Cinematography by Robert McLachlanDirected by Matt ShakmanFrom the episode EastwatchExplo",0,0,0,0,0,0,0,0,0
"150","RT When your fear of losing control is so acute that the voice actors have no idea what theyre talking about  then you ruin",2,0,0,2,0,2,0,0,-2.5
"151","RT If you are feeling sorry for the people of Kings Landing just remember they rooted for Eddard Starks execution ",2,1,1,2,1,2,1,3,-1.25
"152","RT Great Show Tonight Emma Thompson is here and we get to the bottom of the Starbucks cup with Plu",0,0,0,0,0,1,0,1,0.5
"153","If you have to turn your characters into fools in order for your plot to make sense one should seriously consider ",0,0,0,0,0,0,0,0,-0.5
"154","RT Rape is not a tool to make a character stronger A woman doesnt need to be victimized in order to become a butterfly Th",2,0,2,2,0,2,1,0,-1.25
"155","RT Human Drinks alcoholLiver breaks down and removes toxic substances in alcoholHuman Drinks more alcoholLiver",0,0,1,0,0,0,0,0,-0.9
"156","RT Give us this spinoff  ",0,0,0,0,0,0,0,0,0
"157","Avengers Endgame  FULL MOVIE HQ To Watch After the devastating events of Avengers ",1,1,1,2,0,1,0,1,-0.75
"158","RT Creators Plan to Be Very Drunk and Far From the Internet When Series Finale Airs ht",0,1,1,0,0,0,0,1,-0.5
"159","RT This episode was so bad  ",1,0,1,1,0,1,0,0,-0.75
"160","RT OMGthought he was joking ",0,0,0,0,0,0,0,0,0.6
"161","RT If you are feeling sorry for the people of Kings Landing just remember they rooted for Eddard Starks execution ",2,1,1,2,1,2,1,3,-1.25
"162","RT RT if you think Im gonna go MadQueen this weekend ",0,0,0,0,0,0,0,0,0
"163","Bad writing is being used as a blanket term for fans to validate their disagreements with the current course of ",1,0,1,1,0,1,0,1,0.65
"164","This is exactly what the creators of LOST did too ",0,0,0,0,0,1,0,0,-0.75
"165","RT best behindthescenes photos taken by the cast",0,0,0,0,0,0,0,0,0.5
"166","RT The Last of the Starks is second lowest rated episode of everNo matter the scores of the final two",0,0,0,0,0,1,0,0,-0.5
"167","When Euron tells you hes going to be a dad ",0,0,0,0,0,0,0,0,0
"168","RT When I was watching and saw fight I said thats Filipino Martial Arts So I called HBO an",2,0,0,1,0,0,0,0,-0.9
"169","Here is early access to the brand new See reviews about and the new ",0,0,0,0,0,0,0,0,0.8
"170","RT One of my favorite things about is how the villains change over the years ",0,0,0,1,1,0,0,1,-0.25
"171","RT If you are feeling sorry for the people of Kings Landing just remember they rooted for Eddard Starks execution ",2,1,1,2,1,2,1,3,-1.25
"172","RT Oh no subreddit is imploding and these thoughts do make sense ",0,0,0,0,0,0,0,0,0
"173","RT I dont care what anyone says Im on side for this  fuck everyone doesnt matter what she does next episode I supp",0,0,0,0,0,0,0,0,0
"174","RT This episode was so bad  ",1,0,1,1,0,1,0,0,-0.75
"175","RT HIMYM we managed to produce the worst finale everhold my beer",0,0,0,0,1,0,0,0,-0.5
"176","RT plot twist ",0,0,0,0,0,0,0,0,0
"177","RT sansa resurrecting theon so she can tell him that jon is a targaryen",0,0,0,0,0,0,0,0,0
"178","RT This is how i trust meRetweet n let the voice heard",0,0,0,0,0,0,0,1,0.5
"179","RT Plot leak for the finale ",0,0,0,0,0,0,0,0,-0.75
"180","RT The mystery of the Starbucks cup finally revealed  rFreefolk ",0,2,1,0,1,0,2,1,0
"181","RT RT if you think Im gonna go MadQueen this weekend ",0,0,0,0,0,0,0,0,0
"182","RT Guys Imagine after all is said and done next week ends with young Bran waking up from his Season  coma an",0,1,1,1,1,1,1,0,-0.6
"183","RT If you have any last words now is the time",1,1,0,0,0,0,0,0,0
"184","RT Fixed it  ",0,0,0,0,0,0,0,1,0
"185","RT When I was watching and saw fight I said thats Filipino Martial Arts So I called HBO an",2,0,0,1,0,0,0,0,-0.9
"186","RT If you have any last words now is the time",1,1,0,0,0,0,0,0,0
"187","Now that is finally over I can focus solely on how terrible has been this season",1,1,2,1,1,1,1,1,0.25
"188","RT The mystery of the Starbucks cup finally revealed  rFreefolk ",0,2,1,0,1,0,2,1,0
"189","RT Been thinking about in wake of upcoming finale of how book franchises with really deepdiving hardcore",0,0,0,0,0,0,0,0,0.4
"190","RT Just a reminder that none of the characters in has ever been to the dentist used deodorant or had a b",0,0,0,0,0,0,0,0,0
"191","RT another glaring editing mistake ",1,0,0,0,0,1,0,0,-1.55
"192","RT Guys Imagine after all is said and done next week ends with young Bran waking up from his Season  coma an",0,1,1,1,1,1,1,0,-0.6
"193","RT This episode was so bad  ",1,0,1,1,0,1,0,0,-0.75
"194","RT Tormund with short term memory  ",0,0,0,0,0,0,0,0,0
"195","Final episode prediction halfway through the episode with all major plotlines resolved they fade ",0,1,0,0,0,0,0,0,0.4
"196","RT the most iconic duo forever and ever ",0,0,0,0,0,0,0,0,0
"197","RT Give us this spinoff  ",0,0,0,0,0,0,0,0,0
"198","Now that join us in taking the Jobvite Inc is looking for Marketing Programs Manager ",0,0,0,0,0,0,0,0,0.25
"199","RT If you are feeling sorry for the people of Kings Landing just remember they rooted for Eddard Starks execution ",2,1,1,2,1,2,1,3,-1.25
"200"," Hulu accounts available paid for and everything dm me ",0,0,0,0,0,0,0,1,0.8
"201","Same here ",0,0,0,0,0,0,0,0,0
"202","RT If you are feeling sorry for the people of Kings Landing just remember they rooted for Eddard Starks execution ",2,1,1,2,1,2,1,3,-1.25
"203","should have stayed with the  episode format",0,0,0,0,0,0,0,0,0
"204","RT If you are feeling sorry for the people of Kings Landing just remember they rooted for Eddard Starks execution ",2,1,1,2,1,2,1,3,-1.25
"205","RT Poor Dany the Strk are a bunch of ungrateful idiots ",1,0,1,0,0,0,0,0,-1.5
"206","RT Meet this weeks and superfan Read about her ",0,0,0,0,0,0,0,0,0
"207","RT Have added a bunch of goodies to my Storenvy  Theyre on the preorder I",0,0,0,0,0,0,0,0,0
"208","RT Miss this year You can relive the magic with the first of the Thursday programming SO FAR f",0,0,0,0,0,0,0,0,0.25
"209","RT With more fighting on the horizon Im still wondering why Cersei didnt end the big conflict at the center of ",2,1,0,1,0,1,0,1,-1.05
"210","Game of Thrones The Long Night may be dark but its also brilliant storytelling Here is our podcast breakdown ",0,2,0,0,1,1,0,1,-0.35
"211","RT Tormund with short term memory  ",0,0,0,0,0,0,0,0,0
"212","RT If you were upset by the continuity mistake on I spotted one more ",1,0,0,0,0,2,0,0,-1.1
"213","Ive watched the ending of episode  of GOT a good  times and it never gets old This might be the greatest TV S ",0,1,0,0,1,0,1,1,1.25
"214","RT This episode was so bad  ",1,0,1,1,0,1,0,0,-0.75
"215","RT RT if you think Im gonna go MadQueen this weekend ",0,0,0,0,0,0,0,0,0
"216","RT Exclusive new footage leaks from SE of ",0,0,0,0,0,0,0,0,0.3
"217","RT clears throat Daenarys isnt mad shes angry",2,0,2,1,0,1,0,0,-1
"218","Meet this weeks and superfan Read about ",0,0,0,0,0,0,0,0,0
"219","RT If you are feeling sorry for the people of Kings Landing just remember they rooted for Eddard Starks execution ",2,1,1,2,1,2,1,3,-1.25
"220","RT Only two episodes to go Not long now until Episode  of with Emilia Clarke as ",0,1,0,0,0,0,0,0,0
"221","My recap of Game of Thrones when the dragons werent eating their farm animals Excuse the audio malfunctions full ",0,1,0,0,0,0,0,0,-0.75
"222","RT Scrolling through the tl and mistakenly reading spoilers of ",0,0,0,0,0,0,0,0,-0.7
"223","RT RT if you think Im gonna go MadQueen this weekend ",0,0,0,0,0,0,0,0,0
"224","RT finale a week before our graduation day and Im totally sappy for both events  ",0,1,0,1,1,0,1,2,0.5
"225","RT Great Show Tonight Emma Thompson is here and we get to the bottom of the Starbucks cup with Plu",0,0,0,0,0,1,0,1,0.5
"226","RT RT if you think Im gonna go MadQueen this weekend ",0,0,0,0,0,0,0,0,0
"227","RT RT if you think Im gonna go MadQueen this weekend ",0,0,0,0,0,0,0,0,0
"228","Game of Thrones star Maisie Williams officially launches social app Daisie ",0,1,0,0,1,0,0,1,0.6
"229","RT This episode was so bad  ",1,0,1,1,0,1,0,0,-0.75
"230","RT best scene ever ",0,0,0,0,0,0,0,0,0.5
"231","RT RT if you think Im gonna go MadQueen this weekend ",0,0,0,0,0,0,0,0,0
"232","RT If you are feeling sorry for the people of Kings Landing just remember they rooted for Eddard Starks execution ",2,1,1,2,1,2,1,3,-1.25
"233","RT GAME OF THRONES  Cinematography by Robert McLachlanDirected by Matt ShakmanFrom the episode EastwatchExplo",0,0,0,0,0,0,0,0,0
"234","RT Tormund with short term memory  ",0,0,0,0,0,0,0,0,0
"235","holy shit well is definitely getting first priority here but all of these games are about to be l ",1,0,1,0,0,0,0,0,0.9
"236","RT Great Show Tonight Emma Thompson is here and we get to the bottom of the Starbucks cup with Plu",0,0,0,0,0,1,0,1,0.5
"237","RT Tormund with short term memory  ",0,0,0,0,0,0,0,0,0
"238","RT If you are feeling sorry for the people of Kings Landing just remember they rooted for Eddard Starks execution ",2,1,1,2,1,2,1,3,-1.25
"239","RT RT if you think Im gonna go MadQueen this weekend ",0,0,0,0,0,0,0,0,0
"240","RT best scene ever ",0,0,0,0,0,0,0,0,0.5
"241","Tag Them",0,0,0,0,0,0,0,0,0
"242","RT If you are feeling sorry for the people of Kings Landing just remember they rooted for Eddard Starks execution ",2,1,1,2,1,2,1,3,-1.25
"243","RT Kit Harington when asked to describe the S finale in one word ",0,0,0,0,0,0,0,1,0
"244"," more days before episode  Whats gonna happen to ",0,1,0,0,0,0,0,0,0
"245","RT Its the Hound and Arya Show in Imagined Sitcom Spinoff Trailer ",0,0,0,0,0,0,0,1,0
"246","RT Creators Plan to Be Very Drunk and Far From the Internet When Series Finale Airs ht",0,1,1,0,0,0,0,1,-0.5
"247","lt I am not a little bird anymore gt",0,0,0,0,0,0,0,0,0
"248","RT Exclusive new footage leaks from SE of ",0,0,0,0,0,0,0,0,0.3
"249","RT it hurts right in my woof woof",0,0,0,0,0,0,0,0,0.05
"250","RT This episode was so bad  ",1,0,1,1,0,1,0,0,-0.75
"251","RT Me Jon is my king and he should rule the seven kingdomsJon ignores GhostMe Fuck this guy hope Cersei wins",0,1,0,1,1,0,1,2,-0.5
"252","via Game Of Laughs",0,0,0,0,0,0,0,0,0.8
"253","RT Scrolling through the tl and mistakenly reading spoilers of ",0,0,0,0,0,0,0,0,-0.7
"254","RT RT if you think Im gonna go MadQueen this weekend ",0,0,0,0,0,0,0,0,0
"255","RT Dont worry the elephants have arrived ",0,1,0,1,0,1,0,0,-0.75
"256","RT        Did David just confirm that Drogon is not alone",0,0,0,0,0,0,0,0,-0.6
"257","RT If you have any last words now is the time",1,1,0,0,0,0,0,0,0
"258","via Game Of Laughs",0,0,0,0,0,0,0,0,0.8
"259","I might have to make one of these for poolside at the new house ",0,0,0,0,0,0,0,0,0.8
"260","RT We promise that youll never find another like The pop monarch is back with new music a new outlook on life and",0,0,0,0,2,1,1,1,2.65
"261","Only just got round to watching this weeks episode and I usually dislike tweeting spoilers but hones ",1,0,1,0,0,0,0,0,-1
"262","RT How hood niggas watch Game of Thrones  ",1,1,1,2,0,0,0,0,-0.25
"263","Tune in the Odds ShowRecap Update Preview amp ",0,0,0,0,0,0,0,0,0
"264","Been thinking about in wake of upcoming finale of how book franchises with really deepdiving har ",0,0,0,0,0,0,0,0,0.4
"265","RT Joey Bosa thinks he found his cameo on thanks to his big nose via ",0,0,1,0,1,0,0,1,1.45
"266","RT Tormund with short term memory  ",0,0,0,0,0,0,0,0,0
"267","RT daenerys gave lives to her dragons raise them trying to tame them when they were wild rode them multiple times had to",0,0,0,0,0,0,1,0,-0.25
"268","Theyre treating like shes Daenerys breaker of chains ",0,0,0,0,0,0,0,0,0.5
"269","RT If you are feeling sorry for the people of Kings Landing just remember they rooted for Eddard Starks execution ",2,1,1,2,1,2,1,3,-1.25
"270","RT Look What You Made Me Do is literally Arya Starks kill list King of My Heart was influenced by Khal Drogo and Daenerys ",0,0,0,1,0,1,0,0,-0.65
"271","RT One of my favorite things about is how the villains change over the years ",0,0,0,1,1,0,0,1,-0.25
"272","RT OMGthought he was joking ",0,0,0,0,0,0,0,0,0.6
"273","Rextorn Metalwork made the hand of Jeremy Lanister for in Congrats",0,0,0,0,0,0,0,0,1
"274","RT Only two episodes leftThe final season of airs Sundays on ",0,0,1,0,0,0,0,0,0
"275","RT RT if you think Im gonna go MadQueen this weekend ",0,0,0,0,0,0,0,0,0
"276","Only  episodes of left Order one of my Keepsake Boxes to have as your own Color opt ",0,0,0,0,0,0,0,0,0.6
"277","RT RT if you think Im gonna go MadQueen this weekend ",0,0,0,0,0,0,0,0,0
"278","RT This episode was so bad  ",1,0,1,1,0,1,0,0,-0.75
"279","The anticipation it too crazy right now ",1,1,0,1,0,1,0,0,0.3
"280","RT This episode was so bad  ",1,0,1,1,0,1,0,0,-0.75
"281","RT So I hear Ghost will actually be appearing in future episodes of but due to budget constraints HBO had to cut",0,0,0,1,0,0,0,1,-0.6
"282","RT Kit Harington and Emilia Clarke explain why and cant pick up the pieces of their relationship ",0,0,0,0,0,0,0,1,0
"283","Prevent DeathLock your carTake your keysHide your belongingsFly to safety on your dragonIm coming for all of ",0,1,0,1,0,0,0,0,0.55
"284","RT When I come back to Nigeria Rochas will erect a statue for Arya Stark as his parting gift to Imo people",0,1,0,0,1,1,1,1,0
"285","RT Lets just all agree we saw this last Sunday My heart needs it ",0,0,0,0,0,0,0,0,0.5
"286","RT me when i saw rhaegal falling into the sea  the mountain killing missandei ",1,1,0,1,0,2,0,0,-1.5
"287","writers will create a repo to let users fix the season  scripts",0,0,0,0,1,0,0,0,0.6
"288","RT RT if you think Im gonna go MadQueen this weekend ",0,0,0,0,0,0,0,0,0
"289","RT As we get closer to the final clash I have thoughts about the direction they seem to be going I know dar",1,0,0,0,0,0,0,0,-0.75
"290","RT Before the storm final season brews up a breaking point ",1,0,0,0,0,0,0,0,-0.85
"291","RT Fixed it  ",0,0,0,0,0,0,0,1,0
"292","RT If you are feeling sorry for the people of Kings Landing just remember they rooted for Eddard Starks execution ",2,1,1,2,1,2,1,3,-1.25
"293","RT If you are feeling sorry for the people of Kings Landing just remember they rooted for Eddard Starks execution ",2,1,1,2,1,2,1,3,-1.25
"294","Theres a Game of Thrones theory about more dragons in the next episode ",0,1,0,0,0,0,0,1,0
"295","RT Winter is Coming",0,1,0,0,0,0,0,0,0
"296"," mins silence for those people who started watching because of the Season  hype",0,1,0,0,0,0,0,0,-0.5
"297","RT Creators Plan to Be Very Drunk and Far From the Internet When Series Finale Airs ht",0,1,1,0,0,0,0,1,-0.5
"298","People are really going nuts over this Mad Queen fan theory And I think everyone is forgetting ",1,1,1,1,0,1,0,1,-1
"299","Is this the ending for Cersei holding up a white flag then getting burned ",0,1,0,0,1,0,0,1,-0.2
"300","RT If you are feeling sorry for the people of Kings Landing just remember they rooted for Eddard Starks execution ",2,1,1,2,1,2,1,3,-1.25
"301","RT Somewhere in the world someone is watching GOT S E out of peer pressure",0,0,0,0,0,0,0,0,-0.5
"302","RT This episode was so bad  ",1,0,1,1,0,1,0,0,-0.75
"303","RT Give us this spinoff  ",0,0,0,0,0,0,0,0,0
"304","I already miss him so freaking much ",0,0,0,0,0,0,0,0,-0.5
"305","RT I replaced Eurons green screen ",0,0,0,0,1,0,0,1,0
"306","RT If you are feeling sorry for the people of Kings Landing just remember they rooted for Eddard Starks execution ",2,1,1,2,1,2,1,3,-1.25
"307","RT Who else has had an emotional week with amp Let us know what you thought of both End Game",0,1,0,0,0,0,0,0,0
"308","RT Tormund with short term memory  ",0,0,0,0,0,0,0,0,0
"309","Hot take Danny becomes he mad Queen and Jonaegon kills her ",2,0,1,1,0,1,0,0,-1.75
"310","RT RT if you think Im gonna go MadQueen this weekend ",0,0,0,0,0,0,0,0,0
"311","RT I knew and would end up together If you watch there were a lot of signs ",0,1,0,1,0,0,0,0,0
"312","RT best scene ever ",0,0,0,0,0,0,0,0,0.5
"313","Must be pretty heinous to have the probably definitive character of your career just shattered in the last couple o ",0,2,0,0,1,1,0,2,0.35
"314","RT How hood niggas watch Game of Thrones  ",1,1,1,2,0,0,0,0,-0.25
"315","A Trip to the Glens of Antrim with Connolly CoveWith its worldwide famous sights ",0,0,0,0,0,0,1,0,0.5
"316","We need Milk of the Poppy to survive this Sunday episode Prost ",0,0,0,0,0,0,0,0,0.8
"317","I do the gender swap thing and become Dothraki ",0,0,0,0,0,0,0,0,0
"318","RT Give us this spinoff  ",0,0,0,0,0,0,0,0,0
"319","RT The drama over the Starbucks cup continues On Tuesday Ser Davos blamed Emilia Clar",0,0,0,0,0,0,0,0,-0.75
"320","RT RT if you think Im gonna go MadQueen this weekend ",0,0,0,0,0,0,0,0,0
"321","RT How hood niggas watch Game of Thrones  ",1,1,1,2,0,0,0,0,-0.25
"322","RT Look What You Made Me Do is literally Arya Starks kill list King of My Heart was influenced by Khal Drogo and Daenerys ",0,0,0,1,0,1,0,0,-0.65
"323","RT Guys Imagine after all is said and done next week ends with young Bran waking up from his Season  coma an",0,1,1,1,1,1,1,0,-0.6
"324","RT Arya How many girls have you slept withGendry I did not understand the question  ",0,0,0,0,0,0,0,0,0
"325","Youve got the north in you the real north says Tormund to Jon Foreshadowing perhaps What if Jon becomes ",0,0,0,0,0,0,0,1,0.25
"326","RT Im not crying you are ",0,0,0,0,0,1,0,0,-0.5
"327","RT Kit Harington when asked to describe the S finale in one word ",0,0,0,0,0,0,0,1,0
"328","RT When I was watching and saw fight I said thats Filipino Martial Arts So I called HBO an",2,0,0,1,0,0,0,0,-0.9
"329","RT Slow motion of next weeks preview shows more than one dragon in the air again Drogon done had some babi",0,1,0,1,0,0,0,0,-0.25
"330","RT Tormund with short term memory  ",0,0,0,0,0,0,0,0,0
"331","Which house are you set now available or just damn fine Whiskey on the ",1,0,1,0,0,0,0,0,0.3
"332","RT Game of thrones is nothing but a bullshit spreading immorality in the global society People are just following the tre",1,0,1,0,0,0,0,0,-0.6
"333","GAME OF THRONES  Cinematography by Robert McLachlanDirected by Matt ShakmanFrom the episode EastwatchE ",0,0,0,0,0,0,0,0,0
"334","I do quality topnotch and  plagiarism free papersI have the best deals and discounts  for all your assignments ",0,0,1,0,0,0,0,0,1
"335","This week I wrote about love in Westeros which is pretty much always a bad idea  ",1,1,1,1,2,1,0,1,0.75
"336","RT Lets just all agree we saw this last Sunday My heart needs it ",0,0,0,0,0,0,0,0,0.5
"337","RT Making this Sock Puppet Theatre episode gave me giggle fits Theres drama romance and possibly a t",1,1,0,1,2,1,1,1,0.75
"338","When you first wake up and look in the mirror ",0,0,0,0,0,0,0,0,0
"339","RT This episode was so bad  ",1,0,1,1,0,1,0,0,-0.75
"340","RT Creators Plan to Be Very Drunk and Far From the Internet When Series Finale Airs ht",0,1,1,0,0,0,0,1,-0.5
"341","All Game of Thrones Cast Roles Biographies amp Salary",0,1,0,0,1,0,0,1,0.6
"342","The North Remembers  ",0,0,0,0,0,0,0,0,0
"343","Reading this again broke my heartGhost deserved better ",0,0,0,1,0,1,0,0,0.4
"344","RT My babies deserve better  ",1,1,0,0,0,0,0,1,1.05
"345","THREAD My final rant about and before we find out the rest  Brienne and Jaimes tale i ",0,0,0,0,0,0,0,0,-0.5
"346","RT Lets just all agree we saw this last Sunday My heart needs it ",0,0,0,0,0,0,0,0,0.5
"347","RT Dont worry the elephants have arrived ",0,1,0,1,0,1,0,0,-0.75
"348","RT Ready for the Team rally call dressed as the most famous character from the last episode of ",0,1,0,0,0,0,0,1,1.3
"349","RT when your daughter cant keep a secret for  minutes that you kept for  years ",0,0,0,0,1,0,0,1,0.6
"350","RT Glad we got to the bottom of that ",0,1,0,0,1,1,0,0,0.75
"351","best behindthescenes photos taken by the cast",0,0,0,0,0,0,0,0,0.5
"352","RT This episode was so bad  ",1,0,1,1,0,1,0,0,-0.75
"353","RT If you are feeling sorry for the people of Kings Landing just remember they rooted for Eddard Starks execution ",2,1,1,2,1,2,1,3,-1.25
"354","RT If you are feeling sorry for the people of Kings Landing just remember they rooted for Eddard Starks execution ",2,1,1,2,1,2,1,3,-1.25
"355","RT Fresh Friday EpisodeGiannis and the Bucks advance past the CelticsKD InjurySixers amp Trail Blazers Force Game",1,1,0,2,1,0,1,0,0.7
"356","RT This episode was so bad  ",1,0,1,1,0,1,0,0,-0.75
"357","RT Close up of that Coffee cup mistake in ",0,0,0,0,0,1,0,0,-0.75
"358","RT Kit harrington was NOT kidding when he said season  will be disappointing Breaks my heart seeing what couldve possibly",0,0,0,0,0,1,0,0,-1.15
"359","Forgotten get maps the other day stopped to get them and this jimpped in my hands Im officially addicted and a ",0,0,0,1,0,1,0,0,-1.4
"360","RT If you are feeling sorry for the people of Kings Landing just remember they rooted for Eddard Starks execution ",2,1,1,2,1,2,1,3,-1.25
"361","RT What did Euron just see The penultimate episode of is nearly here ",0,0,0,0,0,0,0,0,0
"362","Im ready for Kings Landing to burn  ",0,1,0,0,0,0,0,0,0.4
"363","RT RT if you think Im gonna go MadQueen this weekend ",0,0,0,0,0,0,0,0,0
"364","RT If you are feeling sorry for the people of Kings Landing just remember they rooted for Eddard Starks execution ",2,1,1,2,1,2,1,3,-1.25
"365","RT Lets just all agree we saw this last Sunday My heart needs it ",0,0,0,0,0,0,0,0,0.5
"366","RT just in case yall didnt know my cousin makes the bombest cakes literally ever her cakes will have you hooke",0,0,0,1,0,1,0,0,0
"367","RT With more fighting on the horizon Im still wondering why Cersei didnt end the big conflict at the center of ",2,1,0,1,0,1,0,1,-1.05
"368","RT When I was watching and saw fight I said thats Filipino Martial Arts So I called HBO an",2,0,0,1,0,0,0,0,-0.9
"369","RT RT if you think Im gonna go MadQueen this weekend ",0,0,0,0,0,0,0,0,0
"370","RT The Last of the StarksWatch the Game Revealed for last nights episode of on ",0,0,0,0,0,0,0,0,0
"371","Fresh Friday EpisodeGiannis and the Bucks advance past the CelticsKD InjurySixers amp Trail Blazers Force G ",1,1,0,2,1,0,1,0,0.7
"372","RT Joey Bosa thinks he found his cameo on thanks to his big nose via ",0,0,1,0,1,0,0,1,1.45
"373","New episode on amp other networksWe talk about the big news week and the la ",0,0,0,0,0,0,0,0,1.45
"374","RT Check Emilia Clarkes reaction when she was asked if she was happy with how Season  ended ",0,1,0,0,1,0,0,1,0.75
"375","RT Look What You Made Me Do is literally Arya Starks kill list King of My Heart was influenced by Khal Drogo and Daenerys ",0,0,0,1,0,1,0,0,-0.65
"376","RT Fixed it  ",0,0,0,0,0,0,0,1,0
"377","RT Give us this spinoff  ",0,0,0,0,0,0,0,0,0
"378","Somewhere in the world someone is watching GOT S E out of peer pressure",0,0,0,0,0,0,0,0,-0.5
"379","RT If you are feeling sorry for the people of Kings Landing just remember they rooted for Eddard Starks execution ",2,1,1,2,1,2,1,3,-1.25
"380","Ghost deserved better ",0,0,0,1,0,0,0,0,0.45
"381","RT This episode was so bad  ",1,0,1,1,0,1,0,0,-0.75
"382","Brienne needed neither Jaime to validate her with knighthood nor his manhood Thank youend transmission",0,0,0,0,0,0,0,0,1.55
"383","Gas them and light them Drogon ",0,0,0,0,0,0,0,0,0
"384","RT These pics from new looks like they actually say something about S rather than past seasonsst pi",0,0,0,0,0,0,0,0,1.3
"385","Here is the true loyal guy in ",0,0,0,1,1,0,1,1,1.5
"386","THEY ALL LOOK LIKE EXTRAS IN SKINS ",0,0,0,0,0,0,0,0,0.5
"387","RT RT if you think Im gonna go MadQueen this weekend ",0,0,0,0,0,0,0,0,0
"388","RT GAME OF THRONES Cinematography by Fabian WagnerDirected by Miguel SapochnikFrom the episode Battle of the Ba",1,0,0,0,0,0,0,0,-0.5
"389","RT This episode was so bad  ",1,0,1,1,0,1,0,0,-0.75
"390","What role if any do you think Tyrions plea to Cersei played in Messandais death ",1,2,1,2,0,2,1,0,-1.25
"391","RT Grey Worm is that you cc ",0,1,0,0,0,0,1,0,-0.25
"392","RT Before the storm final season brews up a breaking point ",1,0,0,0,0,0,0,0,-0.85
"393","So the King has just been dropping hints since a while now ",0,0,0,0,0,0,0,0,0.1
"394","RT Its been a privilege to play that part It has been an evolution of self http",0,0,0,0,0,0,0,0,0.75
"395","RT I just started watching from Season  You guys NO SPOILERS jk spoilers dont ruin shit for me",1,0,1,1,0,1,0,0,-1.5
"396","RT Human Drinks alcoholLiver breaks down and removes toxic substances in alcoholHuman Drinks more alcoholLiver",0,0,1,0,0,0,0,0,-0.9
"397","RT Grey Worm is that you cc ",0,1,0,0,0,0,1,0,-0.25
"398","RT RT if you think Im gonna go MadQueen this weekend ",0,0,0,0,0,0,0,0,0
"399","RT Check out my daily cartoon over at the New Yorker ",0,1,0,0,0,0,0,0,0.8
"400","Stay here stay with me please",0,0,0,0,0,0,0,0,1
"401","RT What really happened ",0,0,0,0,0,0,0,0,0
"402","RT Lets just all agree we saw this last Sunday My heart needs it ",0,0,0,0,0,0,0,0,0.5
"403","RT The Last of the Starks is second lowest rated episode of everNo matter the scores of the final two",0,0,0,0,0,1,0,0,-0.5
"404","RT Tormund with short term memory  ",0,0,0,0,0,0,0,0,0
"405","RT A good personal injury attorney could make a KILLING in Westeros Get it A killinght",3,1,0,3,1,2,1,3,-1
"406","All Game of Thrones Cast Roles Biographies amp Salary  is paidM per episode ",0,1,0,0,1,0,0,1,0.6
"407","Whats the purpose of Bran being in this show The only useful thing hes done was tell everyone the Wall has fallen ",0,0,1,0,0,0,0,1,0
"408","With more fighting on the horizon Im still wondering why Cersei didnt end the big conflict at the center of ",2,1,0,1,0,1,0,1,-1.05
"409","RT now everything makes sense this is so sad HAHAHAHAHAHA",0,0,0,0,0,0,0,0,-0.5
"410","RT If you are feeling sorry for the people of Kings Landing just remember they rooted for Eddard Starks execution ",2,1,1,2,1,2,1,3,-1.25
"411","RT Creators Plan to Be Very Drunk and Far From the Internet When Series Finale Airs ht",0,1,1,0,0,0,0,1,-0.5
"412","RT RT if you think Im gonna go MadQueen this weekend ",0,0,0,0,0,0,0,0,0
"413","SPOILERS What happened A once great show using source material from has not stayed true to t ",0,0,0,0,0,0,0,1,1
"414","RT Queens of the North ",0,0,0,0,0,0,0,0,0
"415","RT How hood niggas watch Game of Thrones  ",1,1,1,2,0,0,0,0,-0.25
"416","RT when your daughter cant keep a secret for  minutes that you kept for  years ",0,0,0,0,1,0,0,1,0.6
"417","RT Grey Worm is that you cc ",0,1,0,0,0,0,1,0,-0.25
"418","RT RT if you think Im gonna go MadQueen this weekend ",0,0,0,0,0,0,0,0,0
"419","RT New Episode of The Beard and The Bald is up Talking vs Titanic and Avatar latest ep",0,0,0,0,0,0,0,0,0.8
"420","RT Game of thrones is nothing but a bullshit spreading immorality in the global society People are just following the tre",1,0,1,0,0,0,0,0,-0.6
"421","RT Dany We should go and take the throne nowSansa Its best if the soldiers rest before",0,0,0,0,0,0,0,1,1.1
"422","RT RT if you think Im gonna go MadQueen this weekend ",0,0,0,0,0,0,0,0,0
"423","RT Guys Imagine after all is said and done next week ends with young Bran waking up from his Season  coma an",0,1,1,1,1,1,1,0,-0.6
"424","RT I painted Brienne of Tarth from Game  of Thrones and recorded the whole thing Check it out  leak ",0,0,0,0,0,0,0,0,-0.75
"425","Were you expecting something different Ill probably be very drunk and far from the Internet too ",1,1,1,1,0,1,0,0,-1
"426","RT When I was watching and saw fight I said thats Filipino Martial Arts So I called HBO an",2,0,0,1,0,0,0,0,-0.9
"427","RT Creators Plan to Be Very Drunk and Far From the Internet When Series Finale Airs ht",0,1,1,0,0,0,0,1,-0.5
"428","RT Who are your top five characters Send them in and well read them on the show ",0,1,0,0,0,0,0,2,0.8
"429","RT best scene ever ",0,0,0,0,0,0,0,0,0.5
"430","RT Creators Plan to Be Very Drunk and Far From the Internet When Series Finale Airs ht",0,1,1,0,0,0,0,1,-0.5
"431","RT Guys Imagine after all is said and done next week ends with young Bran waking up from his Season  coma an",0,1,1,1,1,1,1,0,-0.6
"432","creator George RR Martin confirms there are still several spinoff series in the works at HBO  and h ",0,0,0,0,0,0,0,1,0.85
"433","RT Behold the concept art and storyboards behind creating the fateful faceoff between Cersei and Daenerys h",0,1,0,0,1,1,1,0,1
"434","RT Lets just all agree we saw this last Sunday My heart needs it ",0,0,0,0,0,0,0,0,0.5
"435","RT Daenerys after everyone betrayed her and dampd butchered her character ",0,0,0,0,0,0,0,0,-1
"436","RT RT to pet the goodest boi",0,0,0,0,0,0,0,0,0
"437","RT For seven and a half seasons has told viewers Daenerys Targaryen is a ruler capable of compromise a monarch",0,0,0,0,0,0,0,0,0.5
"438","RT blows up the sept of Balor kills a whole family kills innocent Missandei and uses innocent people as shields kills he",0,0,0,0,0,0,0,1,0.05
"439","Gotta long Friday work day today of making inventories so Im FINALLY listening to all of the Cast of Kings Podcast ",0,2,1,0,1,0,1,1,0.65
"440","RT Fixed it  ",0,0,0,0,0,0,0,1,0
"441","RT Creators Plan to Be Very Drunk and Far From the Internet When Series Finale Airs ht",0,1,1,0,0,0,0,1,-0.5
"442","RT clears throat Daenarys isnt mad shes angry",2,0,2,1,0,1,0,0,-1
"443","RT If you are feeling sorry for the people of Kings Landing just remember they rooted for Eddard Starks execution ",2,1,1,2,1,2,1,3,-1.25
"444","RT Hours of training for the Battle of Winterfell with the incredible Iain Glen aka ",1,0,0,0,0,0,0,0,0
"445","RT Great Show Tonight Emma Thompson is here and we get to the bottom of the Starbucks cup with Plu",0,0,0,0,0,1,0,1,0.5
"446","RT If you are feeling sorry for the people of Kings Landing just remember they rooted for Eddard Starks execution ",2,1,1,2,1,2,1,3,-1.25
"447","RT  Season  vs Season  ",0,0,0,0,0,0,0,0,0
"448","RT RT if you think Im gonna go MadQueen this weekend ",0,0,0,0,0,0,0,0,0
"449","RT DRACARYS Is the Mad Queen ComingARTwork by MeYou can get prints and stuff here ",1,0,1,1,0,1,0,0,-0.75
"450","RT Give us this spinoff  ",0,0,0,0,0,0,0,0,0
"451","RT And I honestly just want to shout out to my amazing cast who bring so much energy and creativity",1,0,0,0,0,0,1,0,1.5
"452","OMG will be in episode  of ",0,0,0,0,0,0,0,0,0
"453","Lets just all agree we saw this last Sunday My heart needs it ",0,0,0,0,0,0,0,0,0.5
"454","RT This episode was so bad  ",1,0,1,1,0,1,0,0,-0.75
"455","RT It is knownLook closer at the costumes and props from The Last of the Starks ",0,0,0,0,0,0,0,0,0
"456","RT If you are feeling sorry for the people of Kings Landing just remember they rooted for Eddard Starks execution ",2,1,1,2,1,2,1,3,-1.25
"457","RT RT if you think Im gonna go MadQueen this weekend ",0,0,0,0,0,0,0,0,0
"458","Id agree to grant a Grand Maester title for Ivan Lanin in Westeros Citadel would have approved as well ",0,1,0,0,1,0,0,2,3.3
"459","RT If you are feeling sorry for the people of Kings Landing just remember they rooted for Eddard Starks execution ",2,1,1,2,1,2,1,3,-1.25
"460"," Bran Stark turns into Night King in finale twist ",0,0,1,0,0,0,0,1,-0.4
"461","Exciting is getting a Netflix show and will resemble the type of series ",0,1,0,0,1,0,1,2,0.75
"462","RT What its called when you make woman a knight Take her Virginity then disappear ",0,1,0,1,0,0,0,0,0.5
"463","RT Guys Imagine after all is said and done next week ends with young Bran waking up from his Season  coma an",0,1,1,1,1,1,1,0,-0.6
"464","RT Creators Plan to Be Very Drunk and Far From the Internet When Series Finale Airs ht",0,1,1,0,0,0,0,1,-0.5
"465","RT RT if you think Im gonna go MadQueen this weekend ",0,0,0,0,0,0,0,0,0
"466","RT Lockscreen and Homescreen Jon SnowFor i hope you like it  RTFV ",0,1,0,0,1,0,1,1,1
"467","RT This episode was so bad  ",1,0,1,1,0,1,0,0,-0.75
"468","The political leanings of our protagonists a thread Feel free to join in ",0,0,0,0,0,0,0,0,0.75
"469","RT So is the real villain of this season ",0,0,0,1,0,0,0,1,-0.75
"470","RT A Very Small Man Can Cast A Very Large Shadow by meNot a spoiler really I envy whom cant still see this coming ",0,1,0,0,0,1,0,0,-1.6
"471","RT Creators Plan to Be Very Drunk and Far From the Internet When Series Finale Airs ht",0,1,1,0,0,0,0,1,-0.5
"472","Jake has caught up on and agrees with me This season has been great",0,0,0,0,0,0,0,0,1
"473","RT Human Drinks alcoholLiver breaks down and removes toxic substances in alcoholHuman Drinks more alcoholLiver",0,0,1,0,0,0,0,0,-0.9
"474","RT Grey Worm is that you cc ",0,1,0,0,0,0,1,0,-0.25
"475","RT Tormund with short term memory  ",0,0,0,0,0,0,0,0,0
"476","I wonder which will be more disappointing or exciting on Monday May ",0,1,0,0,1,1,1,0,-0.25
"477","And now its watch has ended",0,1,0,1,0,0,0,0,0
"478","RT SPOILERSI dont know why I put so much effort into this but I did ",0,0,0,0,0,0,0,0,0
"479","RT Will the North be an independent Kingdom at the end of Yes No  ",0,0,0,0,0,0,0,0,0.8
"480","Real conversation with my yearold this morning Me Aria come to the table to eat breakfast Aria My name ",0,0,0,0,0,0,0,1,1.45
"481","RT RT if you think Im gonna go MadQueen this weekend ",0,0,0,0,0,0,0,0,0
"482","RT This is Samwell Sam reads books Cures diseases And investigates Snow genealogy Sam proves that the mind Is mightier th",0,0,0,0,0,0,0,0,0.5
"483","RT If you have any last words now is the time",1,1,0,0,0,0,0,0,0
"484"," years and  times the budget for a season thats worse than  How tf does Dany forget Come on now ",0,0,0,1,0,1,0,1,-1.25
"485","RT This episode was so bad  ",1,0,1,1,0,1,0,0,-0.75
"486","RT RT if you think Im gonna go MadQueen this weekend ",0,0,0,0,0,0,0,0,0
"487","This actually killed me didnt realise what was yet to come",0,0,0,0,0,0,0,0,-0.5
"488","RT Look What You Made Me Do is literally Arya Starks kill list King of My Heart was influenced by Khal Drogo and Daenerys ",0,0,0,1,0,1,0,0,-0.65
"489","knowing that cersei is a advocate makes me feel a little less uneasy about her winning the ",0,1,2,1,1,1,1,2,0.95
"490","RT Creators Plan to Be Very Drunk and Far From the Internet When Series Finale Airs ht",0,1,1,0,0,0,0,1,-0.5
"491","RT Tormund with short term memory  ",0,0,0,0,0,0,0,0,0
"492","RT If you are feeling sorry for the people of Kings Landing just remember they rooted for Eddard Starks execution ",2,1,1,2,1,2,1,3,-1.25
"493","RT Guys Imagine after all is said and done next week ends with young Bran waking up from his Season  coma an",0,1,1,1,1,1,1,0,-0.6
"494","RT My babies deserve better  ",1,1,0,0,0,0,0,1,1.05
"495","RT RT if you think Im gonna go MadQueen this weekend ",0,0,0,0,0,0,0,0,0
"496","RT This episode was so bad  ",1,0,1,1,0,1,0,0,-0.75
"497","RT Will the North be an independent Kingdom at the end of Yes No  ",0,0,0,0,0,0,0,0,0.8
"498","RT Me when the crossbow bolts started hitting Rhaegal ",0,0,0,0,0,0,0,0,-0.6
"499","RT If you are feeling sorry for the people of Kings Landing just remember they rooted for Eddard Starks execution ",2,1,1,2,1,2,1,3,-1.25
"500","How Game of Thrones failed its women via ",0,0,0,0,0,0,0,0,-0.5
"501","RT Me when they killed Rhaegal ",0,0,0,0,0,0,0,0,-0.5
"502","RT Tormund with short term memory  ",0,0,0,0,0,0,0,0,0
"503","RT If you are feeling sorry for the people of Kings Landing just remember they rooted for Eddard Starks execution ",2,1,1,2,1,2,1,3,-1.25
"504","RT RT if you think Im gonna go MadQueen this weekend ",0,0,0,0,0,0,0,0,0
"505","RT RT if you think Im gonna go MadQueen this weekend ",0,0,0,0,0,0,0,0,0
"506","YESYESYESSS This is exactly the same way all of my conversations about work end up ",0,0,0,0,0,0,0,0,0.25
"507","RT Everything is a fanfic now but not the one I want so Ill have to make it myself  no spoilers here u",1,0,1,1,0,1,0,0,-0.5
"508","BURN THEM ALL  ",0,0,0,0,0,0,0,0,-0.4
"509","The little prince of the North  Vote for it at ",1,1,0,0,1,1,1,1,0.6
"510","RT RT if you think Im gonna go MadQueen this weekend ",0,0,0,0,0,0,0,0,0
"511","Please tell me that human shitstain Aaron rodgers isnt in GOT ",0,0,0,0,0,0,0,0,1
"512","RT RT if you think Im gonna go MadQueen this weekend ",0,0,0,0,0,0,0,0,0
"513","RT Guess the Aussie Slang with a few legendary cast members is up on me channel HERE ",0,0,0,0,0,0,1,0,0.75
"514","RT If you are feeling sorry for the people of Kings Landing just remember they rooted for Eddard Starks execution ",2,1,1,2,1,2,1,3,-1.25
"515","RT Whack Shack also made an accidental appearance on with that coffee cup ",0,0,1,1,0,1,1,0,-1
"516","RT  Season  vs Season  ",0,0,0,0,0,0,0,0,0
"517","RT RT if you think Im gonna go MadQueen this weekend ",0,0,0,0,0,0,0,0,0
"518","RT If you are feeling sorry for the people of Kings Landing just remember they rooted for Eddard Starks execution ",2,1,1,2,1,2,1,3,-1.25
"519","RT If you were upset by the continuity mistake on I spotted one more ",1,0,0,0,0,2,0,0,-1.1
"520","RT My babies deserve better  ",1,1,0,0,0,0,0,1,1.05
"521","Its been good so far except that the White Walkers plot was a let down These last two episodes need to make ",0,2,0,0,2,0,1,2,1.15
"522","RT Missandei to Sansa If it wasnt for the Dragon Queen we all would be deadNext ep the Dragon Queen doesnt listen to",0,0,0,1,0,0,0,0,0
"523","RT Tyrion think of your childCersei ",0,0,0,0,0,0,0,0,0
"524","RT On the latest episode Dave Hills Podcasting Incident and I discuss the Case of the Unwanted Mow ",0,0,0,1,0,1,1,0,-1
"525","RT If you are feeling sorry for the people of Kings Landing just remember they rooted for Eddard Starks execution ",2,1,1,2,1,2,1,3,-1.25
"526","RT RT if you think Im gonna go MadQueen this weekend ",0,0,0,0,0,0,0,0,0
"527","An exclusive interview with Missandei ampGood Day Westeros ",0,0,0,0,0,0,0,0,0
"528","currently happening in Kano",0,0,0,0,0,0,0,0,0
"529","RT now everything makes sense this is so sad HAHAHAHAHAHA",0,0,0,0,0,0,0,0,-0.5
"530","RT Kale Drogo Flatbread snack of my life A warriors recipe for the final episodes of ",0,0,0,0,0,0,0,0,0.4
"531","RT another glaring editing mistake ",1,0,0,0,0,1,0,0,-1.55
"532","RT If you are feeling sorry for the people of Kings Landing just remember they rooted for Eddard Starks execution ",2,1,1,2,1,2,1,3,-1.25
"533","RT RT if you think Im gonna go MadQueen this weekend ",0,0,0,0,0,0,0,0,0
"534","RT FULL SUMMARY Episode Before I begin I wanna say that this Episode is going to be a very goodsupris",0,0,0,0,0,0,0,0,0
"535","Aegon by mean illustration which I was commissioned forDocksideA Road to Stahleck Eventin ArnhemNetherlands ",0,0,0,0,0,0,0,0,0
"536","RT Guys Imagine after all is said and done next week ends with young Bran waking up from his Season  coma an",0,1,1,1,1,1,1,0,-0.6
"537","I have a little model Iron Throne from on my desk back at home and Im thinking about buying one of ",0,0,0,0,0,0,0,2,1
"538","RT If you are feeling sorry for the people of Kings Landing just remember they rooted for Eddard Starks execution ",2,1,1,2,1,2,1,3,-1.25
"539","RT If you are feeling sorry for the people of Kings Landing just remember they rooted for Eddard Starks execution ",2,1,1,2,1,2,1,3,-1.25
"540","RT Kit Harington and Emilia Clarke explain why and cant pick up the pieces of their relationship ",0,0,0,0,0,0,0,1,0
"541","RT Reality is more amazing than the fantasy This week Steven and Tasha talk about Greek Fire and the Umayyad sieges of Cons",0,0,0,1,0,0,0,0,0.15
"542","RT Guys Imagine after all is said and done next week ends with young Bran waking up from his Season  coma an",0,1,1,1,1,1,1,0,-0.6
"543","RT Scrolling through the tl and mistakenly reading spoilers of ",0,0,0,0,0,0,0,0,-0.7
"544","RT I dont Know where this season is going and theres only  episodes left",0,0,0,0,0,0,0,0,0
"545","RT The first  in my Game of Thrones  ART series Who Do you want to See next ",0,1,0,0,1,1,1,1,0.6
"546","RT Were back with part two Listen to the pod for our latest discussion about episodes  and  ",0,0,0,0,0,0,0,0,0.4
"547","RT Okay hi hello how are you I have gathered all my A SONG OF ICE AND FIRE and LORD OF THE RINGS knowledge to tell you how I",0,0,1,1,0,0,0,1,0.35
"548","RT has its first performance tonightDont miss historys real ",0,0,0,0,0,0,0,1,0.65
"549","RT next week on ",0,0,0,0,0,0,0,0,0
"550","Just got this notification from yall feeling okay Is it crack Is that what youre on I ",1,2,1,1,1,1,1,1,-0.25
"551","RT Creators Plan to Be Very Drunk and Far From the Internet When Series Finale Airs ht",0,1,1,0,0,0,0,1,-0.5
"552","RT best scene ever ",0,0,0,0,0,0,0,0,0.5
"553","RT Kit Harington and Emilia Clarke explain why and cant pick up the pieces of their relationship ",0,0,0,0,0,0,0,1,0
"554","If the Rockets win tonightSundayGame Game  Game  ",0,0,0,0,0,0,0,0,0.25
"555","RT Give us this spinoff  ",0,0,0,0,0,0,0,0,0
"556","RT If you are feeling sorry for the people of Kings Landing just remember they rooted for Eddard Starks execution ",2,1,1,2,1,2,1,3,-1.25
"557","RT We cant say we knew what was coming between in but lets just say our ",0,1,0,0,0,0,0,0,0
"558","RT If you are feeling sorry for the people of Kings Landing just remember they rooted for Eddard Starks execution ",2,1,1,2,1,2,1,3,-1.25
"559","RT blows up the sept of Balor kills a whole family kills innocent Missandei and uses innocent people as shields kills he",0,0,0,0,0,0,0,1,0.05
"560","RT The Hound and Arya rolling up to finish some old business ",0,0,0,0,0,0,0,0,0
"561","RT Tormund with short term memory  ",0,0,0,0,0,0,0,0,0
"562","RT So is the real villain of this season ",0,0,0,1,0,0,0,1,-0.75
"563","RT If you are feeling sorry for the people of Kings Landing just remember they rooted for Eddard Starks execution ",2,1,1,2,1,2,1,3,-1.25
"564","Will the North be an independent Kingdom at the end of Yes No  ",0,0,0,0,0,0,0,0,0.8
"565","RT Guys Imagine after all is said and done next week ends with young Bran waking up from his Season  coma an",0,1,1,1,1,1,1,0,-0.6
"566","RT One on One Combat Arya Vs AllyWho wins Retweet for Like fo",1,0,0,1,0,0,0,0,0.5
"567","RT Betting odds currently show Bran as the favorite to take the Iron Throne at the end of Season  Whos your money on ",1,1,1,0,2,0,1,5,1.95
"568","RT RT if you think Im gonna go MadQueen this weekend ",0,0,0,0,0,0,0,0,0
"569","RT If you are feeling sorry for the people of Kings Landing just remember they rooted for Eddard Starks execution ",2,1,1,2,1,2,1,3,-1.25
"570","RT RT if you think Im gonna go MadQueen this weekend ",0,0,0,0,0,0,0,0,0
"571","RT DRACARYS Is the Mad Queen ComingARTwork by MeYou can get prints and stuff here ",1,0,1,1,0,1,0,0,-0.75
"572","RT RT if you think Im gonna go MadQueen this weekend ",0,0,0,0,0,0,0,0,0
"573","RT If you are feeling sorry for the people of Kings Landing just remember they rooted for Eddard Starks execution ",2,1,1,2,1,2,1,3,-1.25
"574","RT Making this Sock Puppet Theatre episode gave me giggle fits Theres drama romance and possibly a t",1,1,0,1,2,1,1,1,0.75
"575","Were back with part two Listen to the pod for our latest discussion about episodes  and   ",0,0,0,0,0,0,0,0,0.4
"576","RT Accurate ",0,0,0,0,0,0,0,1,0.5
"577","RT Tormund with short term memory  ",0,0,0,0,0,0,0,0,0
"578","I painted Brienne of Tarth from Game  of Thrones and recorded the whole thing Check it out  leak ",0,0,0,0,0,0,0,0,-0.75
"579","RT you are my queen  ",0,0,0,0,0,0,0,0,0
"580","OKAY BUT HAVE YOU BEEN ON INSTAGRAM LATELY SINCE THE SEASON BEGAN WE HAVE GONE FROM ICE TO BURNING ",0,0,0,0,0,0,0,0,-0.4
"581","FRIDAY NIGHT AT DEOL BAR WERE CELEBRATING THE END OF FINALS  BASH PMAM ",0,1,0,0,1,0,0,0,0.15
"582","RT RT if you think Im gonna go MadQueen this weekend ",0,0,0,0,0,0,0,0,0
"583","RT Give us this spinoff  ",0,0,0,0,0,0,0,0,0
"584","RT Rape is not a tool to make a character stronger A woman doesnt need to be victimized in order to become a butterfly Th",2,0,2,2,0,2,1,0,-1.25
"585","RT RT if you think Im gonna go MadQueen this weekend ",0,0,0,0,0,0,0,0,0
"586","RT RT if you think Im gonna go MadQueen this weekend ",0,0,0,0,0,0,0,0,0
"587","RT The drama over the Starbucks cup continues On Tuesday Ser Davos blamed Emilia Clar",0,0,0,0,0,0,0,0,-0.75
"588","Only just discovered that The Hound is in Hot Fuzz Genuinely blew my mind Yarp ",1,0,0,0,0,0,0,0,0.55
"589","gameofthrones ",0,0,0,0,0,0,0,0,0
"590","RT When I was watching and saw fight I said thats Filipino Martial Arts So I called HBO an",2,0,0,1,0,0,0,0,-0.9
"591","RT Rape is not a tool to make a character stronger A woman doesnt need to be victimized in order to become a butterfly Th",2,0,2,2,0,2,1,0,-1.25
"592","RT For seven and a half seasons has told viewers Daenerys Targaryen is a ruler capable of compromise a monarch",0,0,0,0,0,0,0,0,0.5
"593","RT RT if you think Im gonna go MadQueen this weekend ",0,0,0,0,0,0,0,0,0
"594","Beginning the books once again Because I cant go back to the show from the beginning ever again after watching th ",0,0,0,0,0,0,0,1,0
"595","RT RT if you think Im gonna go MadQueen this weekend ",0,0,0,0,0,0,0,0,0
"596","RT I cried   ",0,0,0,0,0,0,0,0,-1
"597","Just imagine  ",0,0,0,0,0,0,0,0,0
"598","Hopefully lots of deaths  RT Only two more episodes of to go Breaking down what is in store ",0,1,0,0,0,0,0,0,0
"599","RT RT if you think Im gonna go MadQueen this weekend ",0,0,0,0,0,0,0,0,0
"600","RT Fight for the living with in encounter at select Boston Chicago and San Francisco stor",1,0,0,1,0,0,0,0,-0.75
"601","RT This episode was so bad  ",1,0,1,1,0,1,0,0,-0.75
"602","RT THIS ICONIC SCENE STILL GIVES ME GOOSEBUMPS EVERYTIME I WATCH IT  ",0,1,0,1,0,0,0,0,0
"603","RT RT if you think Im gonna go MadQueen this weekend ",0,0,0,0,0,0,0,0,0
"604","RT Great Show Tonight Emma Thompson is here and we get to the bottom of the Starbucks cup with Plu",0,0,0,0,0,1,0,1,0.5
"605","RT What its called when you make woman a knight Take her Virginity then disappear ",0,1,0,1,0,0,0,0,0.5
"606","RT The first  in my Game of Thrones  ART series Who Do you want to See next ",0,1,0,0,1,1,1,1,0.6
"607","RT If you are feeling sorry for the people of Kings Landing just remember they rooted for Eddard Starks execution ",2,1,1,2,1,2,1,3,-1.25
"608","RT Give us this spinoff  ",0,0,0,0,0,0,0,0,0
"609","This weekends is a mothers day special right",0,0,0,0,1,0,0,0,1.6
"610","RT Who are your top five characters Send them in and well read them on the show ",0,1,0,0,0,0,0,2,0.8
"611","RT If you are feeling sorry for the people of Kings Landing just remember they rooted for Eddard Starks execution ",2,1,1,2,1,2,1,3,-1.25
"612","RT NGC VF  Marcus Aurelius Denarius Superior Silver AD THIS AMAZING LUSTER MARCUS TO YOUR CO",0,0,0,0,1,0,0,0,1.75
"613","Monday situation in Philippines be like",0,0,0,0,0,0,0,0,0.5
"614","RT If you are feeling sorry for the people of Kings Landing just remember they rooted for Eddard Starks execution ",2,1,1,2,1,2,1,3,-1.25
"615","Arya vs Brienne edition So dope Just wanted to share this video with my fans  ",0,2,0,0,1,0,0,1,0.85
"616","RT If you are feeling sorry for the people of Kings Landing just remember they rooted for Eddard Starks execution ",2,1,1,2,1,2,1,3,-1.25
"617","RT My new post To Which Victor Goes the Iron Throne Lessons from Research on Civil War explaining who wins on the battle",1,0,0,1,1,0,0,2,2.2
"618","RT If you are feeling sorry for the people of Kings Landing just remember they rooted for Eddard Starks execution ",2,1,1,2,1,2,1,3,-1.25
"619","So apparently the dragons in can change their gender and I have one thing to sayLife finds a ",0,0,0,1,0,0,0,0,0
"620","fans smoke too much weed SMH ",0,0,0,0,0,0,0,0,0.1
"621","RT Great Show Tonight Emma Thompson is here and we get to the bottom of the Starbucks cup with Plu",0,0,0,0,0,1,0,1,0.5
"622","RT If you are feeling sorry for the people of Kings Landing just remember they rooted for Eddard Starks execution ",2,1,1,2,1,2,1,3,-1.25
"623","my shower drain of thrones ",0,0,0,0,0,0,0,0,0
"624","RT Guys Imagine after all is said and done next week ends with young Bran waking up from his Season  coma an",0,1,1,1,1,1,1,0,-0.6
"625","RT Only two episodes leftThe final season of airs Sundays on ",0,0,1,0,0,0,0,0,0
"626","RT showrunners David Benioff and DB Weiss are so fixated on getting to the finish line that they dont seem to mi",0,0,0,0,0,0,0,0,-0.25
"627","RT What did Euron just see The penultimate episode of is nearly here ",0,0,0,0,0,0,0,0,0
"628","RT Starbucks cup wasnt the only time they messed up",0,1,0,0,0,0,0,0,-0.5
"629","RT The mystery of the Starbucks cup finally revealed  rFreefolk ",0,2,1,0,1,0,2,1,0
"630","RT The Game Of Thrones Starbucks cup mishap resulted in  billion free advertising for Starbucks ",0,0,1,1,0,1,1,0,0
"631","RT This episode was so bad  ",1,0,1,1,0,1,0,0,-0.75
"632","RT Sorry ",0,0,0,0,0,0,0,0,-0.5
"633","One of these will appear on the penultimate episode of ",0,0,0,0,0,0,0,0,0
"634","This gone be ZACTLY what I need after ",0,0,0,0,0,0,0,0,0
"635","RT If you were upset by the continuity mistake on I spotted one more ",1,0,0,0,0,2,0,0,-1.1
"636","RT This episode was so bad  ",1,0,1,1,0,1,0,0,-0.75
"637","RT RT if you think Im gonna go MadQueen this weekend ",0,0,0,0,0,0,0,0,0
"638","RT Jon Snow let me say goodbye to ghost wtfHBO you got say goodbye to ghost moneyJon Sno",0,0,0,1,0,0,0,0,-0.6
"639","RT another glaring editing mistake ",1,0,0,0,0,1,0,0,-1.55
"640","RT RT if you think Im gonna go MadQueen this weekend ",0,0,0,0,0,0,0,0,0
"641","RT I cant stop watching this That knife switch is clean ",0,0,0,0,1,0,0,1,-0.05
"642","RT Gotta love the internet  ",0,0,0,0,1,0,0,0,0.75
"643","RT RT if you think Im gonna go MadQueen this weekend ",0,0,0,0,0,0,0,0,0
"644","RT RT if you think Im gonna go MadQueen this weekend ",0,0,0,0,0,0,0,0,0
"645","RT This is how i trust meRetweet n let the voice heard",0,0,0,0,0,0,0,1,0.5
"646","RT My babies deserve better  ",1,1,0,0,0,0,0,1,1.05
"647","Is Cannibal gonna make an appearance in Episode  ",0,0,1,1,0,0,0,0,-0.5
"648","RT If you are feeling sorry for the people of Kings Landing just remember they rooted for Eddard Starks execution ",2,1,1,2,1,2,1,3,-1.25
"649","You wont have to look up at the sky to see what happens next Catch episode  with the US at  am only on ",0,1,0,0,0,0,1,0,0
"650","The Golden Company Everything You Need To Know Finest Mercenaries",0,0,0,0,0,0,0,0,1.1
"651","RT The Last of the Starks is second lowest rated episode of everNo matter the scores of the final two",0,0,0,0,0,1,0,0,-0.5
"652","RT My babies deserve better  ",1,1,0,0,0,0,0,1,1.05
"653","Its Friday afternoon Thoughts turn to ceremonial drinking bowl in via for better than ",0,0,0,0,0,0,0,0,0.8
"654","RT Reality is more amazing than the fantasy This week Steven and Tasha talk about Greek Fire and the Umayyad sieges of Cons",0,0,0,1,0,0,0,0,0.15
"655","RT This episode was so bad  ",1,0,1,1,0,1,0,0,-0.75
"656","RT If you are feeling sorry for the people of Kings Landing just remember they rooted for Eddard Starks execution ",2,1,1,2,1,2,1,3,-1.25
"657","Replug Our latest podcast episode on and Check it out here on gt ",0,0,0,0,0,0,0,0,0
"658","RT Learn differences between AMERICAN and BRITISH ENGLISH with Lena Headey from Game of Thrones  ",0,0,0,0,0,0,0,0,0.8
"659","RT prayer circle                                                              let the               leaks be",0,0,0,0,0,0,0,0,-0.5
"660","Swaby made  less errors than Plummer vs The aim is no mistakes Guidance of little sister is diffi ",0,0,0,0,0,0,0,1,-0.75
"661","I have new favourite ",0,0,0,0,0,0,0,0,0.8
"662","RT If you are feeling sorry for the people of Kings Landing just remember they rooted for Eddard Starks execution ",2,1,1,2,1,2,1,3,-1.25
"663","RT next week on ",0,0,0,0,0,0,0,0,0
"664","RT Jenny of Oldstones Premiered on tonights episode of Listen now Watch the off",0,1,0,1,0,0,0,0,0
"665","Reality is more amazing than the fantasy This week Steven and Tasha talk about Greek Fire and the Umayyad sieges o ",0,0,0,1,0,0,0,0,1.15
"666","RT RT if you think Im gonna go MadQueen this weekend ",0,0,0,0,0,0,0,0,0
"667","RT This episode was so bad  ",1,0,1,1,0,1,0,0,-0.75
"668","RT Daenerys to Jon I have been sold like a broodmare Ive been shamed and betrayed raped and defiled I was born to rule t",0,0,0,1,0,0,0,1,-2.3
"669","RT My babies deserve better  ",1,1,0,0,0,0,0,1,1.05
"670","RT For seven and a half seasons has told viewers Daenerys Targaryen is a ruler capable of compromise a monarch",0,0,0,0,0,0,0,0,0.5
"671"," actual dragonshaped fire in the BBQ ",0,0,0,1,0,0,0,0,0.15
"672","RT we miss you so much Come back please ",0,0,0,0,0,0,0,0,1
"673","RT FIXED IT ",0,0,0,0,0,0,0,1,0
"674","RT Actual Footage of Writers after Episode  ",0,0,0,0,0,0,0,0,0.4
"675","RT I love despite all the flaws in last episodes gonna miss GOT when its over but this was a",0,0,0,0,1,0,0,0,0.25
"676","RT If you are feeling sorry for the people of Kings Landing just remember they rooted for Eddard Starks execution ",2,1,1,2,1,2,1,3,-1.25
"677","RT they took everything from her and told her to find peace",0,1,0,0,1,0,0,1,0.75
"678","RT RT if you think Im gonna go MadQueen this weekend ",0,0,0,0,0,0,0,0,0
"679","RT Kale Drogo Flatbread snack of my life A warriors recipe for the final episodes of ",0,0,0,0,0,0,0,0,0.4
"680","RT As prepares for its last two episodes some trends and gaps in its storytelling have emerged Will any of",0,0,0,0,0,0,0,0,0
"681","RT If you are feeling sorry for the people of Kings Landing just remember they rooted for Eddard Starks execution ",2,1,1,2,1,2,1,3,-1.25
"682","RT next week on ",0,0,0,0,0,0,0,0,0
"683","RT RT if you think Im gonna go MadQueen this weekend ",0,0,0,0,0,0,0,0,0
"684","Lady Diana Rigg we miss you A lot  ",0,0,0,0,0,0,0,0,0
"685","Heres hoping that remakes the last two seasons of when releases the next book th ",0,0,0,0,0,0,0,0,0.6
"686","RT If you have any last words now is the time",1,1,0,0,0,0,0,0,0
"687","RT When I was watching and saw fight I said thats Filipino Martial Arts So I called HBO an",2,0,0,1,0,0,0,0,-0.9
"688","RT Jon Snow let me say goodbye to ghost wtfHBO you got say goodbye to ghost moneyJon Sno",0,0,0,1,0,0,0,0,-0.6
"689","RT Tormund with short term memory  ",0,0,0,0,0,0,0,0,0
"690","RT Tormund with short term memory  ",0,0,0,0,0,0,0,0,0
"691","RT If you are feeling sorry for the people of Kings Landing just remember they rooted for Eddard Starks execution ",2,1,1,2,1,2,1,3,-1.25
"692","RT RT if you think Im gonna go MadQueen this weekend ",0,0,0,0,0,0,0,0,0
"693","RT Fixed it  ",0,0,0,0,0,0,0,1,0
"694","Waiting for this to happen ",0,1,0,0,0,0,0,0,0
"695","RT If you are feeling sorry for the people of Kings Landing just remember they rooted for Eddard Starks execution ",2,1,1,2,1,2,1,3,-1.25
"696","RT Game Of ThronesGoodgod Ohmygod Thatwasbrilliant",0,0,0,0,0,0,0,0,0
"697","Honestly Daenerys made a huge mistake in by not calling one of her dragons KhalgonAnytime she w ",0,0,0,0,0,1,0,0,-0.75
"698","RT  STRENGTH ",0,0,0,0,0,0,0,1,0.5
"699","RT Why do you think weve been having cold weather lately ",0,0,0,0,0,0,0,0,-0.5
"700","Not sure if Jon Snow  Stark  Targaryen is listening but I can foster Ghost until he comes from or not Kings la ",0,0,0,1,0,0,0,1,-1.1
"701","Only two episodes to go Not long now until Episode  of with Emilia Clarke as ",0,1,0,0,0,0,0,0,0
"702","RT another glaring editing mistake ",1,0,0,0,0,1,0,0,-1.55
"703","RT Tormund with short term memory  ",0,0,0,0,0,0,0,0,0
"704","RT Miss this year You can relive the magic with the first of the Thursday programming SO FAR f",0,0,0,0,0,0,0,0,0.25
"705","RT Great Show Tonight Emma Thompson is here and we get to the bottom of the Starbucks cup with Plu",0,0,0,0,0,1,0,1,0.5
"706","RT Great Show Tonight Emma Thompson is here and we get to the bottom of the Starbucks cup with Plu",0,0,0,0,0,1,0,1,0.5
"707","RT GOT Theory There is a th Giant Dragon Cant wait for next week  ",0,2,0,2,0,0,0,1,-0.25
"708","RT If you are feeling sorry for the people of Kings Landing just remember they rooted for Eddard Starks execution ",2,1,1,2,1,2,1,3,-1.25
"709","RT Battles have been won against greater odds  Jon SnowFour lanes are coming ",0,1,0,0,0,0,0,0,0.4
"710","RT Fixed it  ",0,0,0,0,0,0,0,1,0
"711","RT Who is dying on Monday",1,0,1,1,0,1,0,0,-0.5
"712","RT This episode was so bad  ",1,0,1,1,0,1,0,0,-0.75
"713","Just started watching for the st time Burned through the first season in less than a week lol CantSt ",0,1,0,0,0,0,0,0,-0.6
"714","RT RT if you think Im gonna go MadQueen this weekend ",0,0,0,0,0,0,0,0,0
"715","RT Great Show Tonight Emma Thompson is here and we get to the bottom of the Starbucks cup with Plu",0,0,0,0,0,1,0,1,0.5
"716","RT If you have any last words now is the time",1,1,0,0,0,0,0,0,0
"717","RT Grey Worm is that you cc ",0,1,0,0,0,0,1,0,-0.25
"718","RT RT if you think Im gonna go MadQueen this weekend ",0,0,0,0,0,0,0,0,0
"719","RT GOT spent  years on this series so why does it feel so rushed Missing out on scenes such as Sansa and Ayras reaction",0,0,0,1,0,1,0,1,-0.75
"720","I wouldnt be a bit surprised if and George RR Martin killed off the mother of dragons ON MOTHERS DAY ",0,1,0,0,1,1,1,1,-0.5
"721","RT KILL EVERY FUCKING PERSON IN KINGS LANDING RIP Missandei  ",0,0,0,1,0,1,0,0,-2
"722","RT Grey Worm is that you cc ",0,1,0,0,0,0,1,0,-0.25
"723","RT Creators Plan to Be Very Drunk and Far From the Internet When Series Finale Airs ht",0,1,1,0,0,0,0,1,-0.5
"724","RT So about that Aaron Rodgers cameo  this interview seems to confirm it ",0,0,0,0,0,0,0,0,0
"725","RT Its almost that time again folks ",0,1,0,0,0,0,0,0,0
"726","RT Tormund with short term memory  ",0,0,0,0,0,0,0,0,0
"727","RT If you are feeling sorry for the people of Kings Landing just remember they rooted for Eddard Starks execution ",2,1,1,2,1,2,1,3,-1.25
"728","How to unsee thisleak ",0,0,0,0,0,0,0,0,0
"729","Who will die next episode",0,0,0,1,0,1,0,0,-0.75
"730","The allimportant question  what will you be doing at  PM Sunday Celebrating  watching q of ",0,1,0,0,1,0,0,0,0.75
"731","RT If you were upset by the continuity mistake on I spotted one more ",1,0,0,0,0,2,0,0,-1.1
"732","Tbh if my entire office got measles wed finally have something to talk about other than ",0,1,2,1,1,1,1,1,0
"733","RT If you are feeling sorry for the people of Kings Landing just remember they rooted for Eddard Starks execution ",2,1,1,2,1,2,1,3,-1.25
"734","RT My new post To Which Victor Goes the Iron Throne Lessons from Research on Civil War explaining who wins on the battle",1,0,0,1,1,0,0,2,2.2
"735","RT another glaring editing mistake ",1,0,0,0,0,1,0,0,-1.55
"736","RT This episode was so bad  ",1,0,1,1,0,1,0,0,-0.75
"737","RT If you are feeling sorry for the people of Kings Landing just remember they rooted for Eddard Starks execution ",2,1,1,2,1,2,1,3,-1.25
"738","RT Everything is a fanfic now but not the one I want so Ill have to make it myself  no spoilers here u",1,0,1,1,0,1,0,0,-0.5
"739","RT RT if you think Im gonna go MadQueen this weekend ",0,0,0,0,0,0,0,0,0
"740","RT Two moments are funnier together minor spoilers ",0,0,0,0,0,0,0,0,0.5
"741","gameofthrones ",0,0,0,0,0,0,0,0,0
"742","RT Guys Imagine after all is said and done next week ends with young Bran waking up from his Season  coma an",0,1,1,1,1,1,1,0,-0.6
"743","RT Jon Snow let me say goodbye to ghost wtfHBO you got say goodbye to ghost moneyJon Sno",0,0,0,1,0,0,0,0,-0.6
"744","RT And what do we say to the God of Death ",1,2,1,2,1,1,1,1,-0.75
"745","Daenerys fans literally ruin her entire character just because of her rivalry with Sansa people are f ",1,0,0,1,0,1,0,0,-0.65
"746","RT If you are feeling sorry for the people of Kings Landing just remember they rooted for Eddard Starks execution ",2,1,1,2,1,2,1,3,-1.25
"747","RT Ghost on his way to Castle Black with Tormund and the rest of the wildlings coz Jon has been a s",0,0,0,1,0,1,0,0,-0.85
"748","Does Bud look like the Night King or what ",0,0,0,0,0,0,0,0,0.6
"749","RT Ghost on the outside Holding it togetherGhost on the inside",0,0,0,1,0,0,0,0,-0.6
"750","RT I love despite all the flaws in last episodes gonna miss GOT when its over but this was a",0,0,0,0,1,0,0,0,0.25
"751","RT RT if you think Im gonna go MadQueen this weekend ",0,0,0,0,0,0,0,0,0
"752","Oslo sounds nice Oh and I meant watching the final episode of ",0,0,0,0,0,0,0,0,0.5
"753","RT Kit harrington was NOT kidding when he said season  will be disappointing Breaks my heart seeing what couldve possibly",0,0,0,0,0,1,0,0,-1.15
"754","RT This episode was so bad  ",1,0,1,1,0,1,0,0,-0.75
"755","RT Only two more episodes of to go Breaking down what is in store ",0,1,0,0,0,0,0,0,-0.6
"756","RT I replaced Eurons green screen ",0,0,0,0,1,0,0,1,0
"757","RT Guys Imagine after all is said and done next week ends with young Bran waking up from his Season  coma an",0,1,1,1,1,1,1,0,-0.6
"758","Its Donald Sumpter the Meistre Luwin of ",0,0,0,0,0,0,0,0,0
"759","RT If you are feeling sorry for the people of Kings Landing just remember they rooted for Eddard Starks execution ",2,1,1,2,1,2,1,3,-1.25
"760","RT RT if you think Im gonna go MadQueen this weekend ",0,0,0,0,0,0,0,0,0
"761","RT RT if you think Im gonna go MadQueen this weekend ",0,0,0,0,0,0,0,0,0
"762","RT star amp Goodwill Ambassador visited projects in Rwanda Find out how you can join him",0,1,0,0,1,0,0,2,1.35
"763","Tickets purchased See you in October ",0,0,0,0,0,0,0,0,0
"764","RT Give us this spinoff  ",0,0,0,0,0,0,0,0,0
"765","RT Rape is not a tool to make a character stronger A woman doesnt need to be victimized in order to become a butterfly Th",2,0,2,2,0,2,1,0,-1.25
"766","RT Give us this spinoff  ",0,0,0,0,0,0,0,0,0
"767","RT Tormund with short term memory  ",0,0,0,0,0,0,0,0,0
"768","RT Songs for the characters  Light Em Up  Fall Out Boy Not Gonna Die  Skillet",0,0,1,1,0,2,0,0,-0.75
"769","RT Great Show Tonight Emma Thompson is here and we get to the bottom of the Starbucks cup with Plu",0,0,0,0,0,1,0,1,0.5
"770","RT If you are feeling sorry for the people of Kings Landing just remember they rooted for Eddard Starks execution ",2,1,1,2,1,2,1,3,-1.25
"771","RT RT if you think Im gonna go MadQueen this weekend ",0,0,0,0,0,0,0,0,0
"772","RT If you are feeling sorry for the people of Kings Landing just remember they rooted for Eddard Starks execution ",2,1,1,2,1,2,1,3,-1.25
"773","RT Tormund with short term memory  ",0,0,0,0,0,0,0,0,0
"774","RT The Beatles arguing with John Lennon about Yoko Ono  ",0,0,1,0,0,0,0,0,0
"775","Gwendoline Christie Talks Game Of Thrones",0,0,0,0,0,0,0,0,0
"776","Check out the photos from the penultimate episode of as the final battle for the Iron Throne is abou ",1,0,0,0,0,0,0,2,0.1
"777","RT WINTER IS HEREOn this weeks episode were talkingetiquette Reviewing Episode ",0,0,0,0,0,0,0,0,0
"778","RT Missandei to Sansa If it wasnt for the Dragon Queen we all would be deadNext ep the Dragon Queen doesnt listen to",0,0,0,1,0,0,0,0,0
"779","RT Its the Hound and Arya Show in Imagined Sitcom Spinoff Trailer ",0,0,0,0,0,0,0,1,0
"780","RT Me watching it last Sunday ",0,0,0,0,0,0,0,0,0
"781","POLL Out of curiosity before episode  airs do you prefer the Song of Ice and Fire books or Game of T ",0,1,1,1,0,0,1,2,0.35
"782","RT This episode was so bad  ",1,0,1,1,0,1,0,0,-0.75
"783","RT Great Show Tonight Emma Thompson is here and we get to the bottom of the Starbucks cup with Plu",0,0,0,0,0,1,0,1,0.5
"784","Songs for the characters  Light Em Up  Fall Out Boy Not Gonna Die  S ",0,0,1,1,0,2,0,0,-0.75
"785","RT Are you both a fan and drinker  Disclaimer I wrote this story but Ive never seen an episode of t",0,0,0,0,0,0,0,0,0
"786","RT Guys Imagine after all is said and done next week ends with young Bran waking up from his Season  coma an",0,1,1,1,1,1,1,0,-0.6
"787","RT Tormund with short term memory  ",0,0,0,0,0,0,0,0,0
"788","RT clears throat Daenarys isnt mad shes angry",2,0,2,1,0,1,0,0,-1
"789","Prediction The Lord Of Light is going to use sunlight to magically put armor on Drogon this Sunday ",0,1,1,1,0,0,0,2,0
"790","gameofthrones  ",0,0,0,0,0,0,0,0,0
"791","RT Great Show Tonight Emma Thompson is here and we get to the bottom of the Starbucks cup with Plu",0,0,0,0,0,1,0,1,0.5
"792","RT If you are feeling sorry for the people of Kings Landing just remember they rooted for Eddard Starks execution ",2,1,1,2,1,2,1,3,-1.25
"793","Its the Hound and Arya Show in Imagined Sitcom Spinoff Trailer ",0,0,0,0,0,0,0,1,0
"794","Interviewed about the role for and fantasy fandom now and moving forward",0,0,0,0,0,0,0,0,0.85
"795","RT Scrolling through the tl and mistakenly reading spoilers of ",0,0,0,0,0,0,0,0,-0.7
"796","RT                  ",0,0,0,0,0,0,0,0,0
"797","RT RT if you think Im gonna go MadQueen this weekend ",0,0,0,0,0,0,0,0,0
"798","RT Great Show Tonight Emma Thompson is here and we get to the bottom of the Starbucks cup with Plu",0,0,0,0,0,1,0,1,0.5
"799","RT Will Jon Snow kill Daenerys Targaryen Yes No Will Jon Snow marry Daenerys Targaryen ",0,1,0,2,1,1,1,1,0.65
"800","Id like to give a big shoutout to all the PHS Seniors today on reaching their last day of school but especially ",0,0,0,0,0,0,0,1,0.75
"801","RT When I read all the potential leaks on how will end  ",0,0,0,0,0,0,0,0,-0.5
"802","At this point Fuck the Iron Throne I just want JUSTICE FOR MISSANDEI ",0,0,0,0,0,0,0,3,0.6
"803","RT Give us this spinoff  ",0,0,0,0,0,0,0,0,0
"804","RT What did Euron just see The penultimate episode of is nearly here ",0,0,0,0,0,0,0,0,0
"805","RT you are my queen  ",0,0,0,0,0,0,0,0,0
"806","RT Look What You Made Me Do is literally Arya Starks kill list King of My Heart was influenced by Khal Drogo and Daenerys ",0,0,0,1,0,1,0,0,-0.65
"807","Wow Hot take is about hot guys and CGI while ",1,0,0,0,0,0,0,0,0.25
"808","in the Plot ",0,0,0,0,0,0,0,0,0
"809","RT Great Show Tonight Emma Thompson is here and we get to the bottom of the Starbucks cup with Plu",0,0,0,0,0,1,0,1,0.5
"810","RT DRACARYS Is the Mad Queen ComingARTwork by MeYou can get prints and stuff here ",1,0,1,1,0,1,0,0,-0.75
"811","RT Brianne But I love youJamie ",0,0,0,0,1,0,0,0,0.75
"812","RT If you are feeling sorry for the people of Kings Landing just remember they rooted for Eddard Starks execution ",2,1,1,2,1,2,1,3,-1.25
"813","Well apparently I married in front of a crowd  ",0,0,0,0,0,0,0,0,0.8
"814","De a The biggest practical joke in history",0,0,0,0,0,0,0,0,1.6
"815","RT RT if you think Im gonna go MadQueen this weekend ",0,0,0,0,0,0,0,0,0
"816","RT Scrolling through the tl and mistakenly reading spoilers of ",0,0,0,0,0,0,0,0,-0.7
"817","RT Tormund with short term memory  ",0,0,0,0,0,0,0,0,0
"818","Varys is gon die ",0,0,0,1,0,1,0,0,-0.75
"819","RT If you are feeling sorry for the people of Kings Landing just remember they rooted for Eddard Starks execution ",2,1,1,2,1,2,1,3,-1.25
"820","RT YO IM DYING  The Long Night ",1,1,1,1,0,1,0,0,-0.5
"821","RT Scrolling through the tl and mistakenly reading spoilers of ",0,0,0,0,0,0,0,0,-0.7
"822","for the stomach is empty and making tremors ",0,0,1,0,0,0,0,0,-0.85
"823","RT DRACARYS Is the Mad Queen ComingARTwork by MeYou can get prints and stuff here ",1,0,1,1,0,1,0,0,-0.75
"824","RT If you are feeling sorry for the people of Kings Landing just remember they rooted for Eddard Starks execution ",2,1,1,2,1,2,1,3,-1.25
"825","RT If you are feeling sorry for the people of Kings Landing just remember they rooted for Eddard Starks execution ",2,1,1,2,1,2,1,3,-1.25
"826","RT One of my favorite things about is how the villains change over the years ",0,0,0,1,1,0,0,1,-0.25
"827","RT RT if you think Im gonna go MadQueen this weekend ",0,0,0,0,0,0,0,0,0
"828","RT RT if you think Im gonna go MadQueen this weekend ",0,0,0,0,0,0,0,0,0
"829","RT Great Show Tonight Emma Thompson is here and we get to the bottom of the Starbucks cup with Plu",0,0,0,0,0,1,0,1,0.5
"830","He hung up and immediately called me from his personal  phone I assume and said why Why would you do that Best ",0,1,0,0,0,0,0,1,0.5
"831","It sucks seeing the fans so divided for season  I agree that it is a bit rushed and the writing ha ",0,0,0,0,0,0,0,0,0.6
"832","Did it again And got confirmation this time So I got a robo call about affordable healthcare press  to be conne ",0,1,0,0,0,0,0,1,0.8
"833","RT Rape is not a tool to make a character stronger A woman doesnt need to be victimized in order to become a butterfly Th",2,0,2,2,0,2,1,0,-1.25
"834","no one might care but heres the diy bday card I made for my friend with all pics from magazinespapers I cut out ",0,0,0,0,1,0,0,1,1.55
"835","RT RT if you think Im gonna go MadQueen this weekend ",0,0,0,0,0,0,0,0,0
"836","RT Hours of training for the Battle of Winterfell with the incredible Iain Glen aka ",1,0,0,0,0,0,0,0,0
"837","So I hear Ghost will actually be appearing in future episodes of but due to budget constraints HBO h ",0,0,0,1,0,0,0,1,-0.35
"838","Winter is coming no its not But we now have in stock a range of game of thrones fun keys   ",0,2,0,0,1,0,0,0,0.75
"839","RT If you are feeling sorry for the people of Kings Landing just remember they rooted for Eddard Starks execution ",2,1,1,2,1,2,1,3,-1.25
"840","RT If you are feeling sorry for the people of Kings Landing just remember they rooted for Eddard Starks execution ",2,1,1,2,1,2,1,3,-1.25
"841","RT Rape is not a tool to make a character stronger A woman doesnt need to be victimized in order to become a butterfly Th",2,0,2,2,0,2,1,0,-1.25
"842","RT Great Show Tonight Emma Thompson is here and we get to the bottom of the Starbucks cup with Plu",0,0,0,0,0,1,0,1,0.5
"843","I was beheaded by and it satisfy me",0,0,0,0,0,0,0,0,1
"844","RT Tormund with short term memory  ",0,0,0,0,0,0,0,0,0
"845","RT So about that Aaron Rodgers cameo  this interview seems to confirm it ",0,0,0,0,0,0,0,0,0
"846","RT The Last of the Starks is second lowest rated episode of everNo matter the scores of the final two",0,0,0,0,0,1,0,0,-0.5
"847","RT Only two episodes leftThe final season of airs Sundays on ",0,0,1,0,0,0,0,0,0
"848","RT RT if you think Im gonna go MadQueen this weekend ",0,0,0,0,0,0,0,0,0
"849","RT RT if you think Im gonna go MadQueen this weekend ",0,0,0,0,0,0,0,0,0
"850","RT What its called when you make woman a knight Take her Virginity then disappear ",0,1,0,1,0,0,0,0,0.5
"851","Scrolling through the tl and mistakenly reading spoilers of ",0,0,0,0,0,0,0,0,-0.7
"852","RT Only two episodes leftThe final season of airs Sundays on ",0,0,1,0,0,0,0,0,0
"853","When Arya was fighting Night King and he thought he had her where he needed herNight King and Arya ",1,1,0,0,0,0,0,0,-0.7
"854","RT it hurts right in my woof woof",0,0,0,0,0,0,0,0,0.05
"855","WINTER IS HEREOn this weeks episode were talkingetiquette Reviewing Episode ",0,0,0,0,0,0,0,0,0
"856","RT If you are feeling sorry for the people of Kings Landing just remember they rooted for Eddard Starks execution ",2,1,1,2,1,2,1,3,-1.25
"857","RT What its called when you make woman a knight Take her Virginity then disappear ",0,1,0,1,0,0,0,0,0.5
"858","RT The drama over the Starbucks cup continues On Tuesday Ser Davos blamed Emilia Clar",0,0,0,0,0,0,0,0,-0.75
"859","RT Give us this spinoff  ",0,0,0,0,0,0,0,0,0
"860","Suggested vid on Youtube Euron sucks I see the algorithm is working ",0,0,0,0,0,0,0,0,-0.25
"861","I hope we have to hear this speech  ",0,1,0,0,1,0,1,1,0.75
"862","RT Rape is not a tool to make a character stronger A woman doesnt need to be victimized in order to become a butterfly Th",2,0,2,2,0,2,1,0,-1.25
"863","RT Great Show Tonight Emma Thompson is here and we get to the bottom of the Starbucks cup with Plu",0,0,0,0,0,1,0,1,0.5
"864","RT Guys Imagine after all is said and done next week ends with young Bran waking up from his Season  coma an",0,1,1,1,1,1,1,0,-0.6
"865","RT RT if you think Im gonna go MadQueen this weekend ",0,0,0,0,0,0,0,0,0
"866","the battle of helms deepbattle of the hornburg is greater than the battle of winterfell ",1,0,0,0,0,0,0,0,0
"867","RT This episode was so bad  ",1,0,1,1,0,1,0,0,-0.75
"868","RT If you are feeling sorry for the people of Kings Landing just remember they rooted for Eddard Starks execution ",2,1,1,2,1,2,1,3,-1.25
"869","RT If you are feeling sorry for the people of Kings Landing just remember they rooted for Eddard Starks execution ",2,1,1,2,1,2,1,3,-1.25
"870","RT Just seen episode  and why is nobody talking about being the coolest man on the planet  ",0,0,0,0,0,0,0,0,0.5
"871","RT This episode was so bad  ",1,0,1,1,0,1,0,0,-0.75
"872","RT Who is dying on Monday",1,0,1,1,0,1,0,0,-0.5
"873","RT RT if you think Im gonna go MadQueen this weekend ",0,0,0,0,0,0,0,0,0
"874","really knows how to fuck up a good show smh ",0,1,0,0,1,0,1,2,-0.25
"875","RT The Last of the Starks is second lowest rated episode of everNo matter the scores of the final two",0,0,0,0,0,1,0,0,-0.5
"876","RT If you are feeling sorry for the people of Kings Landing just remember they rooted for Eddard Starks execution ",2,1,1,2,1,2,1,3,-1.25
"877","I cant believe brain dead people think that were mad because they killed Missandei Nobody cares ",1,0,1,1,0,1,0,0,-1.25
"878","RT RT amp follow for a chance to WIN a Daenerys Targaryen on Iron Throne Pop ",0,0,0,0,0,0,2,2,1.35
"879","Oh so thats where Bran Stark was during the ",0,0,1,0,0,0,0,1,-0.5
"880","RT Great Show Tonight Emma Thompson is here and we get to the bottom of the Starbucks cup with Plu",0,0,0,0,0,1,0,1,0.5
"881","RT Jane the virgin and Game of thrones writers seeing each other after writing and ruining the plot and destroying the characte",1,0,0,1,0,1,0,1,-1.1
"882","RT I replaced Eurons green screen ",0,0,0,0,1,0,0,1,0
"883","RT Grey Worm is that you cc ",0,1,0,0,0,0,1,0,-0.25
"884","RT Grey Worm is that you cc ",0,1,0,0,0,0,1,0,-0.25
"885","RT If you are feeling sorry for the people of Kings Landing just remember they rooted for Eddard Starks execution ",2,1,1,2,1,2,1,3,-1.25
"886","RT I replaced Eurons green screen ",0,0,0,0,1,0,0,1,0
"887","So about that Aaron Rodgers cameo  this interview seems to confirm it  ",0,0,0,0,0,0,0,0,0
"888","RT My babies deserve better  ",1,1,0,0,0,0,0,1,1.05
"889","RT This episode was so bad  ",1,0,1,1,0,1,0,0,-0.75
"890","RT amp being the best deal maker for power which is ",0,1,0,0,1,0,1,1,0.75
"891","RT Tormund with short term memory  ",0,0,0,0,0,0,0,0,0
"892","RT If you are feeling sorry for the people of Kings Landing just remember they rooted for Eddard Starks execution ",2,1,1,2,1,2,1,3,-1.25
"893","RT Guys Imagine after all is said and done next week ends with young Bran waking up from his Season  coma an",0,1,1,1,1,1,1,0,-0.6
"894","RT This is a lovely piece from about the late great actor Roy Dotrice  Hallyne the Pyromancer in y",0,1,0,0,1,2,1,1,1
"895","RT Legend  ",0,0,0,0,0,0,0,0,0
"896","RT me keeping my friends secrets VS my friends keeping mine ",0,0,0,0,0,0,0,0,0
"897","RT RT if you think Im gonna go MadQueen this weekend ",0,0,0,0,0,0,0,0,0
"898","RT Tormund with short term memory  ",0,0,0,0,0,0,0,0,0
"899","It doesnt effect my enjoyment of anything that someone else doesnt feel the same way Im not so ",0,0,0,0,0,0,0,0,1
"900","RT If you are feeling sorry for the people of Kings Landing just remember they rooted for Eddard Starks execution ",2,1,1,2,1,2,1,3,-1.25
"901","RT If you are feeling sorry for the people of Kings Landing just remember they rooted for Eddard Starks execution ",2,1,1,2,1,2,1,3,-1.25
"902","Power is power BURN IT DOWN ",0,0,0,0,0,0,0,0,-0.4
"903","RT This episode was so bad  ",1,0,1,1,0,1,0,0,-0.75
"904","RT For seven and a half seasons has told viewers Daenerys Targaryen is a ruler capable of compromise a monarch",0,0,0,0,0,0,0,0,0.5
"905","Cant agree more And Im already here for real  Cant wait to sta ",0,1,0,0,0,0,0,1,0.5
"906","RT Me Jaime is easily one the best characters of the series his character development has been amazingJaime",0,0,0,0,0,0,0,1,0.5
"907","Really Game of Thrones crew a Starbucks cup Who dropped the ball I remember when everyone was having a meltdown ",0,0,0,0,0,1,0,1,-0.75
"908","Still love him Even tho he can be a dumbass sometimes Hes a lovable dumbass damnitAnd even tho it will probab ",0,0,0,0,2,0,0,1,0.5
"909","RT Hey I had the pleasure of profiling for the April issue of Happy weekend yall",0,1,0,0,1,0,0,1,1.25
"910","Are you both a fan and drinker  Disclaimer I wrote this story but Ive never seen an epis ",0,0,0,0,0,0,0,0,0
"911","RT Exclusive new footage leaks from SE of ",0,0,0,0,0,0,0,0,0.3
"912","RT and represent two opposite but effective strategies we promise we arent reaching",0,0,0,0,1,0,0,2,1.55
"913","RT Me Jaime is easily one the best characters of the series his character development has been amazingJaime",0,0,0,0,0,0,0,1,0.5
"914","RT We promise that youll never find another like The pop monarch is back with new music a new outlook on life and",0,0,0,0,2,1,1,1,2.65
"915","RT RT if you think Im gonna go MadQueen this weekend ",0,0,0,0,0,0,0,0,0
"916","RT Check out artist beautiful tarot cards ",0,0,0,0,1,0,0,0,1.35
"917","RT it hurts right in my woof woof",0,0,0,0,0,0,0,0,0.05
"918","RT and represent two opposite but effective strategies we promise we arent reaching",0,0,0,0,1,0,0,2,1.55
"919","RT Kit Harington when asked to describe the S finale in one word ",0,0,0,0,0,0,0,1,0
"920","RT If you are feeling sorry for the people of Kings Landing just remember they rooted for Eddard Starks execution ",2,1,1,2,1,2,1,3,-1.25
"921","RT This episode was so bad  ",1,0,1,1,0,1,0,0,-0.75
"922","RT Last Episode of Last SceneSamwell Tarley is the only survivor Sam picks up the phone Dials a",0,0,0,0,0,0,0,0,0.5
"923","RT Great Show Tonight Emma Thompson is here and we get to the bottom of the Starbucks cup with Plu",0,0,0,0,0,1,0,1,0.5
"924","RT If you are feeling sorry for the people of Kings Landing just remember they rooted for Eddard Starks execution ",2,1,1,2,1,2,1,3,-1.25
"925","Not today Probably not tomorrow either Eh   DArya ",0,1,0,0,0,0,0,0,0
"926","RT Only two more episodes of to go Breaking down what is in store ",0,1,0,0,0,0,0,0,-0.6
"927","RT Tormund with short term memory  ",0,0,0,0,0,0,0,0,0
"928","RT Creators Plan to Be Very Drunk and Far From the Internet When Series Finale Airs ht",0,1,1,0,0,0,0,1,-0.5
"929","Basically if you like Xmen Origins Wolverine  youll thoroughly enjoy the final episodes of GOT ",0,1,0,0,1,0,0,1,1.25
"930","RT RT if you think Im gonna go MadQueen this weekend ",0,0,0,0,0,0,0,0,0
"931","RT interesting",0,0,0,0,0,0,0,0,0.75
"932","A sneak peak of episode  amp planning to attack Kings landing ",2,1,0,2,0,0,1,1,-1
"933","and represent two opposite but effective strategies we promise we arent rea ",0,0,0,0,1,0,0,2,1.55
"934","RT Give us this spinoff  ",0,0,0,0,0,0,0,0,0
"935","Daenarys when she hears the bells in Kings Landing ",0,0,0,0,0,0,0,0,0
"936","RT If the Starbucks snafu happened with album sleeves ",0,0,0,0,0,0,0,0,0
"937","RT What its called when you make woman a knight Take her Virginity then disappear ",0,1,0,1,0,0,0,0,0.5
"938","RT Creators Plan to Be Very Drunk and Far From the Internet When Series Finale Airs ht",0,1,1,0,0,0,0,1,-0.5
"939","RT Friday dudes  That means weekend and we are that much closer to another episode of forget about Mot",0,0,0,0,0,0,0,0,-0.5
"940","RT RT if you think Im gonna go MadQueen this weekend ",0,0,0,0,0,0,0,0,0
"941","RT Great Show Tonight Emma Thompson is here and we get to the bottom of the Starbucks cup with Plu",0,0,0,0,0,1,0,1,0.5
"942","RT How hood niggas watch Game of Thrones  ",1,1,1,2,0,0,0,0,-0.25
"943","RT Creators Plan to Be Very Drunk and Far From the Internet When Series Finale Airs ht",0,1,1,0,0,0,0,1,-0.5
"944","RT Give us this spinoff  ",0,0,0,0,0,0,0,0,0
"945","Hopefully lots of deaths  RT Only two more episodes of to go Breaking down what is in store ",0,1,0,0,0,0,0,0,0
"946","RT Only two more episodes of to go Breaking down what is in store ",0,1,0,0,0,0,0,0,-0.6
"947","RT Presentation on development of Source ontology for behaviour change interventions accepted for in Dubrovnik  see",0,0,0,1,0,0,0,0,0.8
"948","RT Guys Imagine after all is said and done next week ends with young Bran waking up from his Season  coma an",0,1,1,1,1,1,1,0,-0.6
"949","RT Kit Harington when asked to describe the S finale in one word ",0,0,0,0,0,0,0,1,0
"950","RT This episode was so bad  ",1,0,1,1,0,1,0,0,-0.75
"951","RT Portlands not going down just yet ",0,0,0,0,0,0,0,0,0
"952","RT If you are feeling sorry for the people of Kings Landing just remember they rooted for Eddard Starks execution ",2,1,1,2,1,2,1,3,-1.25
"953","RT                  ",0,0,0,0,0,0,0,0,0
"954","RT RT if you think Im gonna go MadQueen this weekend ",0,0,0,0,0,0,0,0,0
"955","Cersei is not gonna have another baby A  witch once told her that she will have only three children and a young gi ",1,1,1,1,2,0,1,0,0.6
"956","RT DampD throwing every seasonslong characters arc out the window in the span of  episodes ",0,0,0,0,0,0,0,0,0
"957","RT If you have any last words now is the time",1,1,0,0,0,0,0,0,0
"958","RT This episode was so bad  ",1,0,1,1,0,1,0,0,-0.75
"959","RT When I was watching and saw fight I said thats Filipino Martial Arts So I called HBO an",2,0,0,1,0,0,0,0,-0.9
"960","More dragons ",0,0,0,0,0,0,0,0,0
"961","RT Look What You Made Me Do is literally Arya Starks kill list King of My Heart was influenced by Khal Drogo and Daenerys ",0,0,0,1,0,1,0,0,-0.65
"962","RT If you are feeling sorry for the people of Kings Landing just remember they rooted for Eddard Starks execution ",2,1,1,2,1,2,1,3,-1.25
"963","RT Give us this spinoff  ",0,0,0,0,0,0,0,0,0
"964","RT If you were upset by the continuity mistake on I spotted one more ",1,0,0,0,0,2,0,0,-1.1
"965","Any theories about   ",0,0,0,0,0,0,0,0,0
"966","RT Great Show Tonight Emma Thompson is here and we get to the bottom of the Starbucks cup with Plu",0,0,0,0,0,1,0,1,0.5
"967","RT If you are feeling sorry for the people of Kings Landing just remember they rooted for Eddard Starks execution ",2,1,1,2,1,2,1,3,-1.25
"968","More heroes and villains Today big hands amp lil hands ",0,0,0,0,0,0,0,0,0.05
"969","RT Tormund with short term memory  ",0,0,0,0,0,0,0,0,0
"970","RT This episode was so bad  ",1,0,1,1,0,1,0,0,-0.75
"971","Only two more episodes of to go Breaking down what is in store ",0,1,0,0,0,0,0,0,-0.6
"972","RT If you are feeling sorry for the people of Kings Landing just remember they rooted for Eddard Starks execution ",2,1,1,2,1,2,1,3,-1.25
"973","RT If you are feeling sorry for the people of Kings Landing just remember they rooted for Eddard Starks execution ",2,1,1,2,1,2,1,3,-1.25
"974","RT How is different than your space Does yours haveDRAGONS Stop by tomorrow night P",0,1,0,0,0,0,0,0,-0.4
"975","RT Guys Imagine after all is said and done next week ends with young Bran waking up from his Season  coma an",0,1,1,1,1,1,1,0,-0.6
"976","RT Great Show Tonight Emma Thompson is here and we get to the bottom of the Starbucks cup with Plu",0,0,0,0,0,1,0,1,0.5
"977","RT episode ratings up to Season  Episode  Talk about a nose dive",0,0,1,0,0,0,0,0,0.4
"978","RT RT if you think Im gonna go MadQueen this weekend ",0,0,0,0,0,0,0,0,0
"979","RT RT if you think Im gonna go MadQueen this weekend ",0,0,0,0,0,0,0,0,0
"980","RT HOW COME HE DONT WANT ME MAN ",0,0,0,0,0,0,0,0,0
"981","RT RT if you think Im gonna go MadQueen this weekend ",0,0,0,0,0,0,0,0,0
"982","RT Hours of training for the Battle of Winterfell with the incredible Iain Glen aka ",1,0,0,0,0,0,0,0,0
"983","RT Tormund with short term memory  ",0,0,0,0,0,0,0,0,0
"984","RT A chance to say goodbye ",0,0,0,0,0,0,1,0,0.25
"985","RT If you are feeling sorry for the people of Kings Landing just remember they rooted for Eddard Starks execution ",2,1,1,2,1,2,1,3,-1.25
"986","Next episode of GoT we ll see couple of more dragons Yep i m calling it now  ",0,0,0,0,0,0,0,0,0
"987","RT Look What You Made Me Do is literally Arya Starks kill list King of My Heart was influenced by Khal Drogo and Daenerys ",0,0,0,1,0,1,0,0,-0.65
"988","For everyone that needs closure from the saddest moment of television historyhere you go",0,1,0,0,1,1,0,0,-1
"989","RT Was the GoT Starbucks cup an accident or smart advertising ",0,0,0,1,0,1,1,0,0
"990","RT RT if you think Im gonna go MadQueen this weekend ",0,0,0,0,0,0,0,0,0
"991","RT Im not crying you are ",0,0,0,0,0,1,0,0,-0.5
"992","RT Guys Imagine after all is said and done next week ends with young Bran waking up from his Season  coma an",0,1,1,1,1,1,1,0,-0.6
"993","RT My friends and I do a dinner every week with recipes from the thrones cookbook This week was epic ",0,0,0,0,0,0,0,0,1.4
"994","RT Looking forward to watching from behind my hands whats next for as in Episode  of ",0,0,0,0,0,0,0,0,0.6
"995","RT Exclusive new footage leaks from SE of ",0,0,0,0,0,0,0,0,0.3
"996","RT RT if you think Im gonna go MadQueen this weekend ",0,0,0,0,0,0,0,0,0
"997","I cant even believe myself hoping for the Friday to pass by soon and get to Sunday regardless of Monday comes next ",0,0,0,0,0,0,0,0,0.6
"998","RT Exclusive new footage leaks from SE of ",0,0,0,0,0,0,0,0,0.3
"999","RT Jon A coffee for Jon please Sansa a coffee for AEGOR TARGARYEN  ",0,0,0,0,0,0,0,0,1
"1000","RT If you are feeling sorry for the people of Kings Landing just remember they rooted for Eddard Starks execution ",2,1,1,2,1,2,1,3,-1.25
